commentId,articleId,subject,daumName,recommendCount,disagreeCount,regDate,content,isBest
17785048,67166,호아전 20화,안정현,173,0,2019-05-07 22:35:08,종이에 적었다가 일본 순사한테 뺏기면 어쩌냐~~ 오빠랑 엮여서 잘 된게 없는데~,True
17785174,67166,호아전 20화,하람,86,0,2019-05-07 23:05:40,오빠 마음은 알겠는데 굉장히 불안하네ㅜ 호아 알아서 잘 도망갈 수 있는데 괜히 위험해지는거 아니냐..,True
17784897,67166,호아전 20화,트랜스세,63,1,2019-05-07 22:05:41,ㅜㅜㅜㅜㅜㅜ혜옥 결심했구나 꼭 셋이 행복하게 살아 알았지,True
17784967,67166,호아전 20화,김민서,59,0,2019-05-07 22:16:40,오빠가 진짜 호아 지켜줬으면 좋겠다..,True
17785114,67166,호아전 20화,지필묵,56,0,2019-05-07 22:52:15,종이 찢어진 거 보고 그 일본인이 의심하겠네요. 본래 못된 것일수록 약고 눈치가 빠르거든요.,True
17786316,67166,호아전 20화,NONE!,29,0,2019-05-08 10:58:22,오빠 민폐 캐릭인데;;,True
17785200,67166,호아전 20화,unikue,17,0,2019-05-07 23:11:04,종이 쓴거 걸리고 포박당한자도 죽을거 같다...,True
17786273,67166,호아전 20화,Nasty_cat,5,0,2019-05-08 10:24:21,하나코 그림에서 멈칫... 너무 미소가 해맑다 ,False
17785254,67166,호아전 20화,쏘쏘얌,4,0,2019-05-07 23:25:39,아ㅡ 그냥 자꾸 자꾸 불안한건 뭣땜시일까ㅠㅠ,False
17787344,67166,호아전 20화,한진주,3,0,2019-05-08 21:36:42,호아 친오빠 감정선 너무 기승전결없는 느낌이라 친오빠가 호아를 찾길 바라는 맘도 안드네요. 걸리적거리기만 할듯,False
17805678,67166,호아전 20화,감자,1,0,2019-05-13 22:16:58,점점 재밌어지네요~~~~~,False
17785105,67166,호아전 20화,하늘을가진놈,1,1,2019-05-07 22:49:46,으음 ㅎㅎ,False
19420368,67166,호아전 20화,온새미로,0,0,2020-06-07 11:17:40,마지막 컷 풍경이 너무 예쁘다,False
18541716,67166,호아전 20화,이정현,0,0,2019-12-01 09:59:08,만약저게오라버니의계획이라면 작가님미어할꺼에요ㅠㅠ,False
17980292,67166,호아전 20화,이진성,0,0,2019-06-26 07:56:29,하... 저 오빠...또 무슨 안좋은 상황을 만들거 같은 기분은 뭐지...,False
17863767,67166,호아전 20화,한소리,0,0,2019-05-29 00:43:34,오빠야 진작에 철좀 들지ㅠㅠ,False
17789752,67166,호아전 20화,잘될거야,0,0,2019-05-09 17:28:33,"하나코가 엄마가
자길버린줄 아는것아닐까??
증오가 가득차 있다면??",False
17789649,67166,호아전 20화,-,0,0,2019-05-09 16:31:03,사실 저 오라버니가 일본놈 죽이면 되는 거 아님? 본인이 죽을 거 각오하면 가능한 일인데 늘 지척에 있으니,False
17787279,67166,호아전 20화,닉네임을 등록해 주세요,0,0,2019-05-08 20:50:27,근데 왠지 하나코가 순순히 오지 않을 것 같네요..ㅡ,False
17786503,67166,호아전 20화,힝,0,0,2019-05-08 13:10:44,ㅠㅠㅠㅍ작가님사랑행6,False
17810940,67485,호아전 21화,뚱띵줌마,60,0,2019-05-14 22:18:41,"잘보고있어요ㆍ
사람에게받은상처는
다시 사람으로
치유받죠~~ ㅠ",True
17811217,67485,호아전 21화,문지우,39,1,2019-05-14 22:58:58,"호아 과거이야기 하려 그런것 같은데... 
둘이 잘 이야기 했으면..용석도 돌아왔으면..ㅜㅠ",True
17810865,67485,호아전 21화,호면재현,19,0,2019-05-14 22:11:35,잼나게 보고 있어요~~그림체도 내용도 좋아요^^♡,True
17810842,67485,호아전 21화,스텔라,10,0,2019-05-14 22:09:41,"최고의 웹툰, 추천합니다.",False
17811620,67485,호아전 21화,일기일회,4,0,2019-05-14 23:54:48,"작가님이 들려주시는 이야기 잘보고있어요
모두 행복해지길 바랍니다",False
17811585,67485,호아전 21화,안정현,4,0,2019-05-14 23:50:23,스미스 얼굴에 근심이 가득하네ㅠㅜ 호아가 잘 다독여 주길....,False
17811112,67485,호아전 21화,천민진,2,1,2019-05-14 22:40:21,재밌게  보고 있어요 작가님~~~^^,False
17851526,67485,호아전 21화,끼앙,1,0,2019-05-25 17:54:49,"용석..제발 돌아와,,,",False
17824363,67485,호아전 21화,-,1,0,2019-05-17 21:12:45,잘보고있어요*,False
17812823,67485,호아전 21화,로레롤,1,0,2019-05-15 11:32:24,잘보고있어요...!!!,False
17811784,67485,호아전 21화,이순주,1,0,2019-05-15 00:23:18,"추천수가 작아요
잼있는데요..!!",False
18680668,67485,호아전 21화,쁘띠띠아블,0,0,2020-01-06 22:42:06,"호아의이야기로,모든사람들이위로받길..
용석씨,꼭살아서돌아오세요!ㅜㅜ",False
17812716,67485,호아전 21화,bekhwa,0,3,2019-05-15 10:34:12,붕가붕가분위기,False
17812381,67485,호아전 21화,wtgjhvdhbi,0,0,2019-05-15 06:54:16,너무 좋아요 이웹툰 ㅠㅠㅠ,False
17812318,67485,호아전 21화,NONE!,0,0,2019-05-15 05:02:56,호아~ 마음이 참 예쁘다~,False
17837869,67960,호아전 22화,푸푸,198,0,2019-05-21 22:21:52,호야 어머니 오빠가 호치였던거 같은데요. 어머니도 아버지와 오빠의 길을 가는거구요,True
17837731,67960,호아전 22화,민서,185,7,2019-05-21 22:05:36,미텼다.... 호아 어머니가 호치라니...,True
17839513,67960,호아전 22화,지필묵,110,0,2019-05-22 09:36:49,어머니와 아버지의 그릇이 다르네요. 마치 호야와 오라버니의 그릇이 다르듯이요.,True
17837872,67960,호아전 22화,푸푸,108,1,2019-05-21 22:22:33,정말 좋은 만화인데 많은 사람들이 봤으면 좋겠어요.,True
17837903,67960,호아전 22화,또교잉,87,2,2019-05-21 22:29:03,어머님 걸크..  멋지십니다,True
17837783,67960,호아전 22화,민지,33,0,2019-05-21 22:11:26,어라 댓이 없네 되게 재밌는데 보는사람이 별로 없어서 너무 아쉬워요ㅠㅠ,True
17839334,67960,호아전 22화,보라색요정,24,1,2019-05-22 08:21:12,어머니랑 호아 컸을때랑 똑 닮았넹..,True
17838619,67960,호아전 22화,미세먼지싫다,20,0,2019-05-22 00:52:36,"호아 어머님 완전 멋있다
계속 고구마였는데 오늘은 속이 시원한 내용이네요",True
17839777,67960,호아전 22화,불꽃남자Kane,17,0,2019-05-22 12:03:31,호아는 3대 호치 스미스는 1대 창귀 잘 어울리는 그림이네요,True
17837871,67960,호아전 22화,핑키진짱,8,2,2019-05-21 22:22:24,호치...키스?,False
17838483,67960,호아전 22화,wtgjhvdhbi,7,0,2019-05-22 00:21:06,아 스토리넘좋잖아요 ㅠㅠㅠ!!,False
17838947,67960,호아전 22화,권오혁,5,0,2019-05-22 02:32:14,최근에 보고 빠졋어요ㅠ 많은 분들이 호아전을 아셧으면 !!,False
17851894,67960,호아전 22화,베스티티,4,0,2019-05-25 20:44:06,"아 멋있다 진짜... 지금은 왜 개돼지들만 많을까... 일본 여행 가서 자랑하는 인간들 전범 기업 아디다스 나이키 유니클로 열심히 이용하는 사람들ㅋ 찹쌀떡 김밥 놔두고 모찌, 코리안 스시라 처부르는 시람들ㅋ
장기가 터지고 사람끼리 엮어서 총 맞고 대가리가 터졌는데  살아있어서 고통을 느끼고 눈알이 터지도록 고문 받아야 알까?",False
17837764,67960,호아전 22화,하늘을가진놈,4,1,2019-05-21 22:09:47,멋지다 ,False
17838144,67960,호아전 22화,NONE!,3,0,2019-05-21 23:12:18,피는 못 속이는구나!,False
17852983,67960,호아전 22화,Asdf,2,0,2019-05-26 00:48:04,나는 왜 이렇게 좋은 웹툰을 오늘 알았을까... 보는 내내 생각하게 만들어주는 작품이에요,False
17851941,67960,호아전 22화,아영,2,0,2019-05-25 21:04:12,존잼.... 레폿 써야 하는데 너무 재밌어서 1화부터 정주행.. 작가님 감사해요ㅠㅠ,False
17851807,67960,호아전 22화,moomoo,2,0,2019-05-25 20:09:49,"정주행했어요,,,, 넘 재밌어요",False
17851220,67960,호아전 22화,Holic,2,0,2019-05-25 16:03:06,겁나 멋있다 진짜,False
17851039,67960,호아전 22화,운도,2,0,2019-05-25 15:03:18,호아는̆̈ 엄마를 닮았군요,False
17868713,67960,호아전 22화,호두,1,0,2019-05-30 00:32:38,어머니 멋있어서 심장 멎을 뻔 ㅠㅠㅠㅠㅠㅠㅠㅠ ,False
17851006,67960,호아전 22화,토요일은밤이좋아,1,0,2019-05-25 14:52:05,이렇게 재밌고좋은만화를 이제야봤네요,False
17845056,67960,호아전 22화,-,1,0,2019-05-23 23:19:48,와 영화로 나와도 될듯,False
17842845,67960,호아전 22화,작은엔시하지니,1,0,2019-05-23 07:36:53,어머님 멋지십니다!(๑•̀ㅂ•́)و✧,False
17839481,67960,호아전 22화,하은맘,1,0,2019-05-22 09:21:43,"최고의 웹툰, 추천합니다.",False
17839099,67960,호아전 22화,곤두뤼,1,0,2019-05-22 04:54:29,"멋지다요!!! 
잘 읽고 있어요👍",False
17838410,67960,호아전 22화,라센느,1,0,2019-05-22 00:07:51,완전 재밌게 보고 있어요 ~^^,False
18680714,67960,호아전 22화,쁘띠띠아블,0,0,2020-01-06 22:46:35,"호아가,엄마를쏙~~빼닮았군요!^^",False
18588909,67960,호아전 22화,꾸름,0,0,2019-12-14 17:01:57,대박,False
18093492,67960,호아전 22화,박민서,0,0,2019-07-31 02:23:47,군수 조병갑이군아 망할놈..,False
18007629,67960,호아전 22화,용마나님,0,0,2019-07-03 20:13:07,왜 이렇게 좋은 웹툰이 조용한지 모르겠어요ㅠ 어머니 얼굴이 어두워졌을때 눈치는 챘어요~,False
17947982,67960,호아전 22화,하얀멘붕,0,0,2019-06-19 03:06:26,진짜 재밌게 잘 보고 있습니당:),False
17868448,67960,호아전 22화,우니,0,0,2019-05-29 23:52:22,그으 궁금한게 있는데요 우금치에요 아니먄 우금티에요?,False
17868224,67960,호아전 22화,코난덕,0,0,2019-05-29 23:17:32,호야 어머니가 호치라서 호야이름이 호야 인거아닌가?,False
17864504,67960,호아전 22화,밥데렐라,0,0,2019-05-29 02:57:00,어머니 이쁘고 멋지시다...,False
17863103,67960,호아전 22화,yuha,0,0,2019-05-28 23:41:57,호야 엄마 진짜 대박..소름 돋았어..(너무 멋지심),False
17860919,67960,호아전 22화,닉네임,0,0,2019-05-28 13:02:06,와 진짜 너무 재미있다 ㅠ 1회부터 정주행했어요 존잼,False
17855429,67960,호아전 22화,김미진,0,0,2019-05-26 22:59:37,호아 어머니 걸크!! 1화부터 정주행 했어요!! 너무 좋아요ㅠㅠ,False
17853393,67960,호아전 22화,쵸쵸이,0,0,2019-05-26 03:08:25,"오늘 처음 알게되어서 정주행했는데 몰입감 최고예요 ㅠㅜ
",False
17853186,67960,호아전 22화,noname,0,0,2019-05-26 01:43:15,"최고의 웹툰, 추천합니다.",False
17852324,67960,호아전 22화,천,0,0,2019-05-25 22:44:23,ㅜㅜㅜㅜ넘 재밌습니다!!!!,False
17851775,67960,호아전 22화,나님,0,0,2019-05-25 19:52:06,명문가였어 ㄷㄷㄷ,False
17851695,67960,호아전 22화,백알,0,0,2019-05-25 19:17:37,와.. 암살 이네,False
17851538,67960,호아전 22화,amgmt35,0,0,2019-05-25 18:01:25,작가님 미리보기 없으십니까??????? 저 충전 했는데 미리보기가 없어서 슬픕니다.,False
17851407,67960,호아전 22화,Fiat lux,0,0,2019-05-25 17:09:54,너무재밋어서 1화보고 쭉 봤어용 ㅠㅠ작가님 힘내세요 ㅎㅎ,False
17851232,67960,호아전 22화,바보,0,0,2019-05-25 16:08:43,진짜 멋있다... ㅠㅠㅠㅠㅠㅠㅠ,False
17841076,67960,호아전 22화,Nasty_cat,0,1,2019-05-22 22:35:11,김태리 생각난다 그뭐냐 유진 초이 나오던,False
17840726,67960,호아전 22화,윤연우,0,0,2019-05-22 21:46:10,우와 호아는 떡잎부터 달랐구나,False
17839920,67960,호아전 22화,ifs0230,0,3,2019-05-22 13:33:27,이 웹툰 꼴페미들이 환장한다면서요??ㅋㅋㅋㅋ,False
17862227,68203,호아전 23화,이종서,190,9,2019-05-28 22:27:41,광복군 중 째려보는 저놈 뭔가 큰일 낼 십상이네... 여자가 대장이라서 아니꼬운가봐?,True
17862140,68203,호아전 23화,운도,100,0,2019-05-28 22:22:31,남의편 진짜 ㅠㅠ,True
17863570,68203,호아전 23화,한진주,94,0,2019-05-29 00:25:46,여기는 서양인 남자빼고 남자들은 다 왜케 줘패고싶은 역할들임,True
17863746,68203,호아전 23화,미세먼지싫다,82,0,2019-05-29 00:42:04,"호아 어머니는 진짜 명문가다우시네
글러먹은 호아애비 캐릭터와는 다르게",True
17861967,68203,호아전 23화,김민솔,71,0,2019-05-28 22:12:04,저 째려보는 애 누구야;,True
17864473,68203,호아전 23화,돈키호테,36,0,2019-05-29 02:46:56,"어딜가나 꼭 침착하지 못하고 감정적인 사람들이 큰일을 만들어버리지,,,, 
수습도 못하는 것들이,,,,",True
17862847,68203,호아전 23화,곤두뤼,25,0,2019-05-28 23:16:52,"저 양반들. 역겹다. 지들 안위를 위해 일본 군대를 끌어들이고 백성의 고통 안중에도 없는... 
저렇게 썩은 것들이 나라를 다스리니 나라를 일본에 넘기는 건 또 얼마나 간단했을고!!! ",True
17862033,68203,호아전 23화,양지수,14,0,2019-05-28 22:15:31,너무 멋있으시다 ㅠㅜ,True
17864072,68203,호아전 23화,owlq,7,0,2019-05-29 01:20:55,째려보는애 나중에 일본에 찌르는거아닌가 표정이 일낼표정인데,False
17862029,68203,호아전 23화,김민서,6,0,2019-05-28 22:15:24,왜 이렇게 불안불안해지냐..,False
17863173,68203,호아전 23화,붕어,5,0,2019-05-28 23:48:38,추천받아서 봤는데 너무 재밌네요!!,False
17862948,68203,호아전 23화,김지연,4,0,2019-05-28 23:27:31,저기 째려본 사람 강경파거나 아니면 지주들이 사주한 자일듯 합니다.,False
17862314,68203,호아전 23화,마손이,4,0,2019-05-28 22:34:15,늘 잘보고 있어요~작가님!! 진짜 드라마화 되도 손색없을만큼 스토리가 좋아요ㅜㅜ,False
17868750,68203,호아전 23화,호두,3,0,2019-05-30 00:41:15,어머니 영웅적 면모 오지네요ㅠㅠㅠ 판단력과 카리스마ㅜㅜㅜㅜㅠㅠㅠ 타고난 리더 ㅠㅠㅠㅠㅠ 명문가는 다르다ㅜㅜ,False
17867626,68203,호아전 23화,최영윤,3,0,2019-05-29 21:50:57,저 당시에도 자한당 쓰레기들이 있었군 ㅠㅠ,False
17862665,68203,호아전 23화,NONE!,3,0,2019-05-28 23:01:30,저 놈 큰일 치겠네~,False
17866885,68203,호아전 23화,ㅇㄷㅂ,2,0,2019-05-29 17:14:23,진정한 명문가는 사람의 인성이 좋아야죠,False
17865908,68203,호아전 23화,작은엔시하지니,2,0,2019-05-29 12:08:11,저 저 눈빛보소.. 분명히 큰 일 낸다잉.. 안봐도 비디오여,False
17864257,68203,호아전 23화,오래오래행복하게,2,0,2019-05-29 01:57:14,잼나,False
17863093,68203,호아전 23화,쵸쵸이,2,0,2019-05-28 23:41:15,"최고의 웹툰, 추천합니다.",False
17865472,68203,호아전 23화,noname,1,0,2019-05-29 09:58:00,"최고의 웹툰, 추천합니다.",False
18680762,68203,호아전 23화,쁘띠띠아블,0,0,2020-01-06 22:51:26,"꼭,저런배신자들이한명씩..껴있지요~~~ㅜㅜ",False
18072477,68203,호아전 23화,전석균,0,0,2019-07-24 16:49:29,언제나 응원해요^^~,False
17991278,68203,호아전 23화,배고파,0,0,2019-06-29 10:06:17,친일지주였나보네... 남편 척살해야함;,False
17893361,68203,호아전 23화,닉네임을 등록해 주세요,0,0,2019-06-05 04:30:51,나라의 윗물이 부패하고 돈으로 못하는게 없는 썩을대로 썩어서 일본 잔챙이 꿀 빨듯 삼켰는데도 아직 변함없이 반복하고 있다는게 너무 이상하지 않나요??? 지들은 권력이 있으니 옮지 않은걸 알면서도 절대 바꾸려 안해요.,False
17893137,68203,호아전 23화,김유진,0,0,2019-06-05 02:30:03,나라가 먼저 있어야 가문이 있고 신분이 있지.... 싸그리 없어지면 그깟게 무슨 소용??,False
17876551,68203,호아전 23화,여수진,0,0,2019-05-31 21:21:03,항상 보다가 댓글 남겨요!! 역사를 좋아하는 사람이라 이런 웹툰이 나온 것도 너무 좋고 내용도 그림도 다 제 스타일이라서 너무 좋아요 이런 웹툰을 세상에 공개하시고 너무 감사드립니다 😭😭,False
17875242,68203,호아전 23화,김수연,0,0,2019-05-31 14:08:23,"작가님 잘 보고 있습니다. 무리하지 마시고, 힘내세요~
응원합니다!",False
17868241,68203,호아전 23화,코난덕,0,0,2019-05-29 23:20:39,이거 제목더시보고 문뜩 박씨전 이 생각나네요......,False
17891786,68577,호아전 24화,moomoo,167,4,2019-06-04 22:29:58,헐 살리지도 않고 죽게 내버려뒀다니 진짜 지독한놈이네요,True
17891702,68577,호아전 24화,소으리,148,1,2019-06-04 22:18:59,한마디로 남편이 개쓰레기네,True
17891610,68577,호아전 24화,김민서,115,0,2019-06-04 22:09:30,빨리 밀고한 사람 잡아주세요..,True
17891649,68577,호아전 24화,조하겸,79,1,2019-06-04 22:12:57,제발 저번에 그 불안하게 생긴 그사람이 꼰지른 각인데 제발 호아가 복수라도 해줬으면 남편 좀 오바라고 생각한다 진짜...,True
17891609,68577,호아전 24화,허니베이글,59,0,2019-06-04 22:09:26,진짜 친일 에바임,True
17892078,68577,호아전 24화,안정현,50,0,2019-06-04 23:21:31,저런 애비 밑에서 호아가 정상적으로 자라줘서 참 대견하다~ 오빠는 이핑계 저핑계 대고 일본놈 뒤치닥거리나 하고있는데,True
17891829,68577,호아전 24화,지필묵,46,0,2019-06-04 22:35:52,남편 답 없네요.,True
17892006,68577,호아전 24화,민주,32,0,2019-06-04 23:06:59,"호아 아버지=나쁜 사람
아버지가 호아 원하지 않는사람이랑 결혼 시키려하고 또 엄마까지 죽였어. 노답이네",True
17892181,68577,호아전 24화,NONE!,21,0,2019-06-04 23:39:39,저 애비라는 놈은 혈연도 애시당초 자기 이익을 위한 이용수단일 뿐이었네,True
17892054,68577,호아전 24화,박한서,19,0,2019-06-04 23:16:47,저 아빠랑 밀고자랑 정신 나갔네;;,True
17891633,68577,호아전 24화,하늘을가진놈,8,0,2019-06-04 22:10:41,아아 ㅠ,False
17892904,68577,호아전 24화,강소원,7,0,2019-06-05 01:29:50,애비새끼...,False
17892305,68577,호아전 24화,-,6,0,2019-06-04 23:56:40,"이~~~!!!! 쓰레기남편~~!!!!
재수없는 남편...",False
17894063,68577,호아전 24화,최하늘,4,0,2019-06-05 11:23:06,나라 말아먹은 세기 이완용같은 세귀,False
17892859,68577,호아전 24화,쵸쵸이,4,0,2019-06-05 01:20:17,친일파는  역시 ,False
17897104,68577,호아전 24화,송낙진,2,0,2019-06-06 08:23:33,벌레만도 못한 종자였네 ㅁㅊ,False
17921753,68577,호아전 24화,youn,1,0,2019-06-12 15:08:49,제발 복수,False
17908413,68577,호아전 24화,가영,1,0,2019-06-08 19:04:59,진짜 남편 답없다.. 진짜 답없다;ㅋ....,False
17896201,68577,호아전 24화,다_음포털추천제한풀어라,1,0,2019-06-06 00:19:26,저 아비라는 놈은 딱 친일매국노,False
17896039,68577,호아전 24화,조해윤,1,0,2019-06-05 23:53:03,애비 도랏나ㅡㅡ,False
19420438,68577,호아전 24화,온새미로,0,0,2020-06-07 11:33:50,엄마가 아가들 이라고 부를 때마다 눈물난다ㅠㅠㅠ,False
18680801,68577,호아전 24화,쁘띠띠아블,0,0,2020-01-06 22:55:11,"남편,개쓰레기!
어찌저런사람과결혼을했는지~~ㅜㅜ
같이온사람은,졸지에목숨이뚝..ㅠㅠ",False
18156173,68577,호아전 24화,hy829,0,0,2019-08-18 18:33:09,눈물나요...너무 한스럽네요,False
18029827,68577,호아전 24화,씨발년,0,0,2019-07-10 21:25:40,남편 믓지다,False
17952053,68577,호아전 24화,레나,0,0,2019-06-20 10:34:08,눈물난다..ㅜㅜ,False
17947994,68577,호아전 24화,하얀멘붕,0,0,2019-06-19 03:12:48,ㅠㅠ,False
17919415,68842,호아전 25화,지필묵,141,0,2019-06-11 22:31:22,"총, 칼을 앞세워 무력으로 조선인을 핍박하고 굴복시키는 일본인의 잔악성에 치가 떨리네요. 지금도 일제강점기 일본인의 비인도적인 행태를 미화하고 두둔하는 겉모습만 한국인이고 본질은 일본인인 사람이 꽤 많다는 사실을 간과해서는 안 될 것입니다.",True
17919341,68842,호아전 25화,띵가띵가,58,0,2019-06-11 22:22:36,내용이 내용인지라 욕 밖에 안나오지만...작가님 오늘도 너무 잘봤습니다!!,True
17919191,68842,호아전 25화,지냥G-NYANG,35,0,2019-06-11 22:06:36,빨리 떠나야 할텐데 상황으로봐서 아슬아슬하게 놓치거나 할듯요 그나저나 어쩝니까 우리 호아ㅜㅜ,True
17920176,68842,호아전 25화,곤두뤼,18,0,2019-06-12 00:45:11,"악마들. 
조선인을 가축으로 부르며 학대한 일본것들. 
역사는 밝히고 바로 세우고 제대로 기록해야 합니다. ",True
17919211,68842,호아전 25화,김민서,12,0,2019-06-11 22:09:26,뭐 다 죽일라고 하냐..,True
17919318,68842,호아전 25화,사람이요,9,0,2019-06-11 22:20:16,저 뀨 새끼!!!!! ,False
17919333,68842,호아전 25화,공자반,7,0,2019-06-11 22:21:46,흉악범 같은 일본군들을 잡아다 테란유닛 사신으로 만들어서 저그가 우글거리는 행성에 투입했으면 좋겠다.,False
17919285,68842,호아전 25화,하늘을가진놈,6,0,2019-06-11 22:15:34,개쉐리,False
17919177,68842,호아전 25화,지냥G-NYANG,6,0,2019-06-11 22:05:10,ㅜㅜㅜ,False
17922432,68842,호아전 25화,바보,5,0,2019-06-12 21:55:45,"모든 일본인이 나쁜 건 아니라며 미워하지 말자는 사람들 진짜 많더라 ㅋㅋㅋㅋㅋ 자신의 무지를 전시하지 않길. 제대로 알아야 우리나라의
정체성을 지킬 수 있음 21세기는 문화 싸움이다 일제강점기의 잔재를 지워버리고 자랑스러운 대한민국의 문화를 널리 알렸으면 좋겠음",False
17920397,68842,호아전 25화,moomoo,4,0,2019-06-12 01:25:31,화나는 현실이네요.. 휴 ㅜㅜ 작가님 오늘도 좋은 작품 감사합니다,False
17919996,68842,호아전 25화,여수진,3,0,2019-06-12 00:11:30,진짜 호아 얼른 도망가고 나중에 큰 사람으로 성장해서 독립군으로 활동하는 거 보고ㅠ싶어요,False
17919876,68842,호아전 25화,yuha,3,0,2019-06-11 23:51:35,"아..정말이지 왜 쓸데없이 눈치빠르고 /ㄹ이야.
진짜 웹으로만 보는 거지만 너무 시러
(참고로 일본 자체를 나쁘게 보는 사람 아니예요)",False
17919632,68842,호아전 25화,NONE!,3,0,2019-06-11 23:06:26,"작가님, 나중에 사이다 한 사발 꼭 주소서!!",False
17921115,68842,호아전 25화,jong tae,2,2,2019-06-12 09:11:19,죽기 싫으니까 배신을 떄리네....비밀을 지키려면 당연히 죽어야지.......역시 사람을 믿으면 안돼,False
17920043,68842,호아전 25화,윤아람,2,0,2019-06-12 00:21:51, 오라버니가 고구마네요. 나중에는 사이다가 되어 주실거라 기다려 봅니다.,False
17948000,68842,호아전 25화,하얀멘붕,1,0,2019-06-19 03:15:42,잘 빠져나가기를ㅠㅠ,False
17923128,68842,호아전 25화,안정현,1,0,2019-06-12 23:47:50,이정도면 일본쓰레기들이 한짓 미화해서 그린건데 일본 좋아하는 사람들 이해안간다,False
17922163,68842,호아전 25화,unikue,1,0,2019-06-12 19:27:45,우미하라 악역 쩐다 극악무도 그 자체,False
18680842,68842,호아전 25화,쁘띠띠아블,0,0,2020-01-06 22:59:55,"저놈은,살인귀가분명합니다!
온통..머리속에,죽일생각밖에없는놈이에요~~",False
18588927,68842,호아전 25화,꾸름,0,0,2019-12-14 17:15:42,일본은 우릴 가축으로 보고있다,False
17946625,69115,호아전 26화,천상의 빛,108,2,2019-06-18 22:14:04," 시대적 배경 때문에 볼때 마다 불안합니다ㅠㅠ
외국인선교자가 있는곳은 대놓고 건드리지는 않겠지만 그래도 그 헌병이라면은 하아ㅠㅠ",True
17946898,69115,호아전 26화,지필묵,51,0,2019-06-18 22:54:22,"집요하고 악랄한 일본 헌병이 곧 이곳에 들이닥칠 것 같네요. 아유, 징글징글한 족속들.",True
17946611,69115,호아전 26화,유혜준,46,0,2019-06-18 22:12:53,같이가ㅠㅠㅠㅠ 라고 하고 싶지만 그게  또 쉽지 않지....ㅠ,True
17947082,69115,호아전 26화,곤두뤼,34,0,2019-06-18 23:27:42,간호사가 되도 좋고 의학공부를 정식으로 하면 더 좋겠네요. 지 시대를 살아내신 민초들과 생명을 걸고 모든 것을 바쳐 싸워주신 분들을 기억하며 읽습니다. 고마워요. ,True
17946987,69115,호아전 26화,누렁이,12,1,2019-06-18 23:08:53,결혼해야지 ..ㅜ,True
17946617,69115,호아전 26화,하늘을가진놈,7,0,2019-06-18 22:13:13,잘 봤어요,False
17948005,69115,호아전 26화,하얀멘붕,6,0,2019-06-19 03:18:23,외국인 병원이니 괜찮을 거라 생각하면서도 가슴졸이게 되네요ㅠㅠ,False
17946770,69115,호아전 26화,또교잉,5,1,2019-06-18 22:32:08,둘이 맺어졌으면..,False
17947574,69115,호아전 26화,오래오래행복하게,2,0,2019-06-19 00:44:35,잼납니당,False
17947191,69115,호아전 26화,미또,2,0,2019-06-18 23:47:33,"항상 잘 보고있습니다.
좋은 작품 감사합니다 작가님!",False
17964719,69115,호아전 26화,이순주,1,0,2019-06-23 17:26:19,"항상 잘 보고 있어요..!!
",False
17952862,69115,호아전 26화,샬로니,1,0,2019-06-20 17:53:57,아슬아슬하게   보이네요,False
17948448,69115,호아전 26화,복덩이,1,0,2019-06-19 09:07:13,잘 보고 갑니다.,False
17948429,69115,호아전 26화,아렌,1,0,2019-06-19 08:57:09,과거 명칭은 간호사가 아니긴 했지만 간호사로 표기 되니까 훨씬 매끄럽고 보기 좋은것 같아요 ,False
17948152,69115,호아전 26화,NONE!,1,0,2019-06-19 05:10:44,이러지도 저러지도...,False
17947075,69115,호아전 26화,moomoo,1,0,2019-06-18 23:25:29,용석이가 사실대로 다 불었을까요 ㅠㅠ,False
17948866,69115,호아전 26화,jong tae,0,3,2019-06-19 12:40:47,나쁜 용석~~죽기싫어서 배신을 하고!! 호아와 스미스를 생각해주는 척하면서 배신을 떄리고 뒷통수 치는 그런놈들 제일 싫어요~!! 비밀을 지키려면 자결을 해야지!! 나쁜놈 같으니라고!!!,False
17978336,69398,호아전 27화,지필묵,134,0,2019-06-25 22:51:25,"이것이 일제강점기 때  일본인이 조선인에게 자행한 악행의 극히 일부분이자 그들의 잔인한 본모습입니다. 정말 치가 떨리네요. 이래서 친일 매국노, 밀정, 순사, 매국자들을 청산했어야 했고 지금은 많이 늦었지만, 단죄가 꼭 필요합니다. 친일 매국노는 일신의 영달을 위해서 살았고 독립군은 국가의 독립을 위해 자신 뿐만 아니라 가족의 안위까지 보장받지 못하는 살얼음판에 뛰어 들어 목숨을 바친 분들이죠.",True
17978026,69398,호아전 27화,소으리,72,0,2019-06-25 22:16:41,아 진짜 일본순사들 쓰레기다,True
17977906,69398,호아전 27화,공자반,42,0,2019-06-25 22:07:15,부디 마군(魔軍)의 수괴 우미하라가 비참한 최후를 맞이하길 바랍니다. ,True
17978074,69398,호아전 27화,moomoo,39,0,2019-06-25 22:21:19,미친놈 전원 몰살? 인간도 아니다,True
17978067,69398,호아전 27화,얌얌,31,0,2019-06-25 22:20:43,개쓰레기 진짜.. 와 광복해도 쟤는 못죽엿겟지..,True
17978827,69398,호아전 27화,밤비,27,2,2019-06-25 23:50:32,요즘 한창 미쳐돌아가는지 일제시대 일본군이며 친일파며 미화하는 웹툰이나 소설들이 많은데 미화없이 표현해주셔서 감사합니다,True
17982036,69398,호아전 27화,qwertyuiop,19,0,2019-06-26 21:42:03,이거 보고도 일본여행 가고 일본문화에 심취해 있는 사람들은 진짜 머리가 없는거다. 특히 요새  개화기 의상 입고 사진 많이 찍으러 다니던데 정신 차리길,True
17978062,69398,호아전 27화,moomoo,16,0,2019-06-25 22:20:28,"메리홉스 존멋,,,,,",True
17978114,69398,호아전 27화,도로시,13,0,2019-06-25 22:26:02,누가 주인이고 누가 개냐 이 놈아,True
17978142,69398,호아전 27화,이종서,8,0,2019-06-25 22:29:18,누가 저놈 좀 죽여줬으면... 주인공이...,False
17981770,69398,호아전 27화,moon,6,0,2019-06-26 19:11:14,좀전에 친일파 후손 재산환수소송에서 국가가 패소했다는 기사 읽었는데 이웹툰을 보니 더욱 씁쓸하고 분노하게 되네요,False
17978470,69398,호아전 27화,곤두뤼,4,0,2019-06-25 23:05:26,저 악마성 잔인함 으악!! ,False
17977976,69398,호아전 27화,천상의 빛,4,0,2019-06-25 22:12:10,"아xㄴㄴㅈㅅㄷㆍㄱㄴㄷㅎㄴㆍㅎ
ㅠㅠㅠㅠㅠ",False
17990284,69398,호아전 27화,12,3,0,2019-06-29 02:28:20,잔인하고 극악무도한데 이게 현실이었고 우리가 똑바로 마주해야할 역사라니,False
17981940,69398,호아전 27화,o_min99,3,0,2019-06-26 20:47:16,일제강점기 라고 인터넷에 검색하고 이미지를 눌렀을때 상상 이상으로 잔인한 사진들에 충격을 받았던 기억이 나네요.. ,False
17977960,69398,호아전 27화,하늘을가진놈,3,0,2019-06-25 22:11:06,아 일본시키들,False
18008896,69398,호아전 27화,갱,2,0,2019-07-04 00:08:31,이래도 일본 여행을 가고 싶으세요? 아직도 일본 상품이 좋으세요?,False
17980876,69398,호아전 27화,jong tae,2,0,2019-06-26 12:04:55,저놈 미친놈이고 무서운 놈이다,False
17978523,69398,호아전 27화,NONE!,2,0,2019-06-25 23:12:25,저 쉬퀴들이 진짜ㅡㅡ;;,False
17978514,69398,호아전 27화,안정현,2,0,2019-06-25 23:11:24,웹툰에서라도 일본놈들 꼭 다 죽여줬으면 좋겠어요~,False
17980837,69398,호아전 27화,복덩이,1,1,2019-06-26 11:52:17,일본놈들 진짜 싫다.,False
17978701,69398,호아전 27화,닉네임을 등록해 주세요,1,0,2019-06-25 23:35:45,놈들을 발견할때까지 아닌가용..,False
18588985,69398,호아전 27화,꾸름,0,0,2019-12-14 17:47:33,"죄없는 자들을 다죽이는구나
그저 맘이안든다고 방해가 된다고
일본이싫어요
왜놈이지긋지긋하다 일본당이 싫다",False
18004568,69667,호아전 28화,보라빛하늘,133,0,2019-07-02 22:23:47,뭔가 오빠가 결국 죽을 것 같은 느낌이네요.. 호아의 선택이 어떤 것이어도 분명 위기는 닥쳐올 것 같은데 그 과정에서 오빠가 호아를 위해 죽으며 사과를 유언으로 남길 것 같은 쎄한 느낌...,True
18004474,69667,호아전 28화,양혜연,81,0,2019-07-02 22:13:10,오빠로서는 만감이 교차하겠네요. 막장인 아버지 때문에 어머니가 비명횡사하고 유일한 혈육인 동생을 지키기 위해 악당이 되었지만 이제라도 선인으로 나서니 그 길을 응원합니다.,True
18004443,69667,호아전 28화,지필묵,58,1,2019-07-02 22:11:23,"호야도 오라버니도 만감이 교차하는 순간이네요. 흔한 오누이 상봉에 따르는 감격, 기쁨 이런 감정은 기대할 수가 없으니까요.",True
18004388,69667,호아전 28화,김민서,30,0,2019-07-02 22:06:57,드디어 만났네..제발 꽃길만 걸어라,True
18004383,69667,호아전 28화,아침햇살,15,0,2019-07-02 22:06:05,"최고의 웹툰, 추천합니다.",True
18004659,69667,호아전 28화,하늘나래,13,0,2019-07-02 22:37:36,아... 앞으로 일어날 비극에 대비해 잠시나마 행복한 모습을 보여주는 것 같다ㅠㅜ,True
18004681,69667,호아전 28화,곤두뤼,10,0,2019-07-02 22:41:30,그 시대를 용기로 살아내신 분들이 무슨 행복을 누리셨을까요. 한순간 한순간 목숨을 건 위험을 마주하며 자신을 바친... 스크롤 내리면서 그저먹먹합니다 ,False
18004879,69667,호아전 28화,안정현,4,0,2019-07-02 23:11:13,오빠가 무슨 잘못이있겠어~ 다  그럴수 밖에 없게 만들 왜놈들 때문이지~!! ,False
18004766,69667,호아전 28화,moomoo,4,0,2019-07-02 22:54:25,제발 누구하나 죽지않고 잘 됐으면 좋겠다 .. ㅜㅜ,False
18004695,69667,호아전 28화,NONE!,2,0,2019-07-02 22:43:17,과연 호아는 오빠를 어떻게 생각할까..,False
18010143,69667,호아전 28화,아렌,1,0,2019-07-04 08:31:42,아 왠지 일본군은 다 알고있을삘...,False
18008229,69667,호아전 28화,F_B,1,0,2019-07-03 22:38:20,&quot;저와 함께 영...영...영... 좋지 않은곳을 맞았어요. 선생은 고자가 되었다 그 말이에요.&quot;,False
18007093,69667,호아전 28화,강소원,1,0,2019-07-03 15:18:59,드디어 만났네,False
18006296,69667,호아전 28화,이순주,1,0,2019-07-03 08:22:23,잘 보고 있어요..!!!,False
18005923,69667,호아전 28화,하얀멘붕,1,0,2019-07-03 02:59:11,같이 영국으로 가자는 말을 다 못한게 복선 같은걸까요ㅠㅠ 모두 행복해지길ㅠ,False
18005473,69667,호아전 28화,ㅎ,1,1,2019-07-03 00:54:55,와진짜 갓띵띵띵띵작,False
18119845,69667,호아전 28화,끼야하?,0,0,2019-08-08 04:48:25,작가님은 전개를 질질 끄시지않고 시원하게 이끌어가셔서 너무 좋아요! 용석과 (못난)오라비가 병원까지 오는 여정 중 일본군에게 들킬뻔하고 겨우 탈출하는 등 뻔한 클리셰들이 없어서 속시원합니다ㅎㅎ,False
18072332,69667,호아전 28화,EunJ,0,0,2019-07-24 15:15:44,"호아씨, 호아양, 호아낭자..호칭 통일이피료해8ㅅ8",False
18028124,69667,호아전 28화,이재하,0,0,2019-07-10 01:04:40,"왠지 일본놈이 따라왔을꺼같은데
그걸로 오해도사고
오빠와 호아는 멀어지고.ㅋㅋ
드라마를 너무 많이봤나?",False
18027217,69996,호아전 29화,공자반,76,0,2019-07-09 22:06:02,우미하라 네놈을 하데스곁으로 보내버리고 싶다.,True
18027878,69996,호아전 29화,곤두뤼,59,0,2019-07-10 00:02:04,"살인귀!!!! 
아베놈의 개삽질과 더불어 역사적 아픔을 함께 생각하니 정말 분노가 치밀어 올라요. 
불매. 여행취소. 외교적 협상지속. 국민들이 맘을 모아야해요. 
작가님 잘보고 있어요. 
한 마을을 초토화시키고 ㅠㅠㅠㅠㅠ 다른 사냥감을 찾아 가는 저 악마들은 어떤 벌을 받아야 하나요. ㅠㅠ ",True
18027380,69996,호아전 29화,장미연,56,0,2019-07-09 22:23:08,호아 오빠 원망 할줄알았는데 아니였네...,True
18028460,69996,호아전 29화,지필묵,54,0,2019-07-10 03:51:59,"앞에선 예의 바른 척, 깨끗한 척 하면서 일본인의 본질은 저렇게 잔악한 짓을 조선인에게 서슴없이 저질렀다는 사실을 현재도  간과하면 안되겠지요. 아베하는 짓거리를 보면 답 나옵니다. 역사를 잊은 민족에겐 미래가 없다고 했습니다.",True
18027355,69996,호아전 29화,얌얌,33,0,2019-07-09 22:19:55,저 저 개또라이 샊이 너 이새끼 너는 정말 안될놈이다.. 너도 그냥 지져버리고싶은데..,True
18027922,69996,호아전 29화,nothin,20,0,2019-07-10 00:13:27,아 일본놈 개빡친다,True
18027795,69996,호아전 29화,김수진,13,0,2019-07-09 23:44:30,망할 일본놈,True
18027410,69996,호아전 29화,소으리,9,0,2019-07-09 22:25:56,우미하란가 뭐시긴가 소각장에 쳐넣고 싶어지는군,False
18027821,69996,호아전 29화,-99,7,0,2019-07-09 23:49:26,어우 저 미친것을 어쩌면 좋아,False
18030697,69996,호아전 29화,닉네임을 등록해 주세요,3,0,2019-07-11 00:57:10,진짜 일본 앞잡이들은 내부에 있습니다. 그간 신분세탁하기 얼마나 좋은 기회였습니까. 그렇게 축적한 돈과 권력으로 보수파에 섞여 잘먹고 잘살고 있으니 외교도 그간 그 꼴이였던거고 일본도 거기대고 사과할리가 없죠,False
18028653,69996,호아전 29화,작은엔시하지니,3,0,2019-07-10 08:08:00,도라이 새끼 작작해라잉! 남의 집을 불태우면 우짜냐고! 니가 무슨 연쇄방화범이냐! 온 집을 다 불 태우고 다니게?! 시방 저 사람들은 뭔 죄인고..,False
18028339,69996,호아전 29화,yeah,3,0,2019-07-10 02:28:41,오빠가 호아지키려고 본인이 창귀가 되겠다고 창귀인척 시선을 끌다 죽는게.아닐지..,False
18027500,69996,호아전 29화,나용문,3,0,2019-07-09 22:41:20,그 한 곳과 함께 너의 뇌도 비었지 단무지......,False
18029405,69996,호아전 29화,용마나님,2,0,2019-07-10 16:04:06,저런 죽일놈!!! 아버 나베 같은놈,False
18028967,69996,호아전 29화,마린,2,0,2019-07-10 11:25:08,호야를 지켜주다 오라비는 죽을것 같다능,False
18027203,69996,호아전 29화,신제원,2,0,2019-07-09 22:04:10,1등!!,False
18052345,69996,호아전 29화,NONE!,1,0,2019-07-17 21:05:52,지금까진 그래도 점잔하게 댓글 남겼는데.. 예나 지금이네 일본놈들 하는 꼴을 보니 더 이상은 못 참겠다!!,False
18028207,69996,호아전 29화,원샷의기사,1,0,2019-07-10 01:33:54,ㅈ족ㅂ바리 죽여야한다,False
18027754,69996,호아전 29화,유나땅,1,0,2019-07-09 23:36:51,아 미쳤어여 진짜ㅠㅠㅠㅠㅠ,False
18027533,69996,호아전 29화,또교잉,1,0,2019-07-09 22:49:55,우미하라 널 우이하랴..,False
18049603,70294,호아전 30화,천상의 빛,107,1,2019-07-16 22:20:32,야 이 시**********************!!!!!!!!!!!!!!,True
18049513,70294,호아전 30화,공자반,52,0,2019-07-16 22:10:32,제발 우미하라와 왜헌병놈들이 하데스곁으로 가길 기원합니다.,True
18051477,70294,호아전 30화,으뜸,40,0,2019-07-17 11:58:07,"실제로  일제시대에 일제가 한국인을 얼마나 괴롭혔는지 ,,,  독립군이  숨어 들어갔다는 마을은  어린아이 노인 할것없이 .. 마을에서 제일큰건물 (ex 교회,서당) 로 모아놓고 문을 잠근후  불을 질러 마을사람 500여명을 한번에 불태워죽이는일도 기록된것만 29차례...(기록되지 않은것이 훨씬 많다고함) ,  한국 젊은여성들을 성노예로 착출해서 군인들 위안부+섹스도우미 로 쓴일은 유명하고 , 남자들을 전쟁에 참가시켜 1선 총알받이로 사용... 이런쓰레기같은 일을 38년간이나 저지른나라가 일본이다.  불매운동이라도 꼭참여하자.  ",True
18049895,70294,호아전 30화,띵가띵가,30,1,2019-07-16 23:06:57,아 작가님 제발요ㅜㅜ,True
18049804,70294,호아전 30화,지필묵,29,0,2019-07-16 22:48:46,"우미하라, 하는 짓이 어쩜 이리 아베랑 겹쳐보이는지.",True
18049551,70294,호아전 30화,또교잉,23,0,2019-07-16 22:14:11,진성 돌아이네...,True
18050258,70294,호아전 30화,오아름,20,0,2019-07-17 00:09:18,가슴에가면넣음 제발살아라ㅠㅠㅠㅠ,True
18049757,70294,호아전 30화,눈콩,16,0,2019-07-16 22:40:38,ㅠㅠ아이고.... 무모했지만 용감했던 스미스 선생이 ㅠㅠㅠ,True
18049729,70294,호아전 30화,소으리,14,0,2019-07-16 22:35:41,우미하라 헌병 거의 사탄급인데..?,True
18049901,70294,호아전 30화,주서현,9,0,2019-07-16 23:07:38,하하하 ㄱㅆㄹㄱ 새ㄲ네하핫,False
18050354,70294,호아전 30화,곤두뤼,8,0,2019-07-17 00:27:44,"살인귀 새끼. 
저런 놈이랑 거래를 한가는게 무모했어요 ㅠㅠㅠㅠㅠㅠㅠㅠㅠㅠㅠ",False
18051619,70294,호아전 30화,-,4,0,2019-07-17 13:34:06,이거 방탄 한복이야!!!,False
18050483,70294,호아전 30화,현규누나,3,0,2019-07-17 00:56:08,아 안돼요 스미스 ㅠㅠㅠ,False
18051531,70294,호아전 30화,12,2,0,2019-07-17 12:36:46,안돼ㅠㅠㅠㅠ 애초에 이 웹툰에서 해피엔딩이란건 없다는거 알았는데 그래도ㅠㅠㅠㅠ,False
18051044,70294,호아전 30화,귀여운닝겐,2,0,2019-07-17 07:34:35,사탄 : 아 이건 좀;;,False
18050469,70294,호아전 30화,세반느,2,0,2019-07-17 00:53:16,와 진짜 도른.....,False
18050265,70294,호아전 30화,강소원,2,0,2019-07-17 00:10:12,으아아,False
18050233,70294,호아전 30화,김지연,2,0,2019-07-17 00:05:10,경무총감이 저 밀고장의 내용을 믿고 우미하라에게 벌을 내려줬으면 합니다. 감히 지가 우리 스미스 선생을 쏘다니!!!,False
18050224,70294,호아전 30화,인생을즐겨라,2,0,2019-07-17 00:03:50,방탄조끼야 이개쉐!!!!!!!!!!,False
18050156,70294,호아전 30화,냐오미,1,0,2019-07-16 23:53:47,이런쒸바???,False
18681064,70294,호아전 30화,쁘띠띠아블,0,0,2020-01-06 23:17:54,죽이러갑시다!!!,False
18117318,70294,호아전 30화,용마나님,0,0,2019-08-07 10:29:43,어맛!!!!!,False
18071857,70294,호아전 30화,joe,0,0,2019-07-24 10:14:51,아니..너무 순진한거 아닌가요? 저걸 작전이라고,False
18069734,70294,호아전 30화,김수연,0,0,2019-07-23 18:15:34,만화가 굉장히 이입이 잘 됩니다. 작가님 응원합니다~,False
18067258,70294,호아전 30화,쏘쏘얌,0,0,2019-07-23 00:15:05,아ㅡ 어쩌면좋지? 아ㅠㅠ 미치겠네ㅠ 와ㅡㅡㅡㅡㅡㅡㅡㅡㅡ잘시간에봐서ㅠ  열받아 잠이안와ㅠ,False
18060799,70294,호아전 30화,이효정,0,0,2019-07-20 19:25:07,"제발 방탄조끼 착용해라,,,",False
18052411,70294,호아전 30화,안조,0,0,2019-07-17 21:43:43,아아아아아아ㅏ!!!!@!!!!!#####,False
18052389,70294,호아전 30화,냐하,0,0,2019-07-17 21:28:49,안돼요ㅠㅠㅠㅠㅠㅠㅠㅠ제발 죽지마ㅠㅠㅠㅠㅠㅠㅠ,False
18052101,70294,호아전 30화,야옹새우,0,0,2019-07-17 18:25:44,이거 방탄조끼야 이새 끼야 쏴~ 쏴봐~,False
18050133,70294,호아전 30화,챠희,0,0,2019-07-16 23:49:25,오노..!!,False
18070219,70762,호아전 31화,또교잉,97,3,2019-07-23 22:16:39,"생각보다 저 왜놈의 끝은 허무하군.
당연하지 공포보다 더 강한게 있으니까",True
18070209,70762,호아전 31화,지냥G-NYANG,77,0,2019-07-23 22:15:30,아 산건좋은데ㅜㅜㅜ왤케 곧 완결날 삘이 나죠ㅜㅜㅜ작가님 안돼요 호아 영국가서 햅삐둡삐하게 사는건 보여주셔야해요ㅜㅜㅜ,True
18070291,70762,호아전 31화,김주연,73,0,2019-07-23 22:28:00,"무조건 악당에게 화려한 죽음은 필요없죠.
잘못에 대한 걸맞는 결말만 있을 뿐이라고 생각합니다.",True
18070412,70762,호아전 31화,여수진,27,1,2019-07-23 22:53:57,ㅠㅠ 희망이고 우리 여주 너무 기특해서 눈물 나와요 이 주접,True
18070392,70762,호아전 31화,NONE!,21,0,2019-07-23 22:49:35,일본놈들 죽음이 극적일 필요는 없다!!,True
18070200,70762,호아전 31화,김지연,16,1,2019-07-23 22:13:43,"다들 무사해서 너무 다행이고,우미하라 죽은것이 너무 속시원하네요.은장도로 심장을 콱!!!(이러면 안되는데 내면의 악마본능이...)",True
18070178,70762,호아전 31화,윤진,16,0,2019-07-23 22:11:22,저번까지는 호아가 오라버니라 부를 사람은 한 명뿐이랬는데 어느새 오라버니들이 됐네요. 등장인물 개개인의 의식 변화가 너무 좋아요. ㅜㅜ,True
18070486,70762,호아전 31화,띵가띵가,15,0,2019-07-23 23:07:51,요즘같은 시국에 진짜 사이다같은 장면!!아...진짜...왜놈새이들은 왜 한결같을까여...변화가 없어...,True
18070825,70762,호아전 31화,Giedon502,6,1,2019-07-24 00:15:07,허무하지만 ... 그래도 일본군인이 죽는 최후는 사이다가 아닌 사이다.... 하지만 지금은 일본은 뭐다?! 간다? 안간다? 안간다~^^ 일본은 뭐다?? 산다? 안산다? 안산다~^^ 일본은 뭐다? 본다? 안본다?? 안본다~^^ 일본은 뭐다?? 말한다? 안말한다?? 안말한다~^^ 일본은 뭐다?? 먹는다? 안먹는다? 안먹는다~^^,False
18070112,70762,호아전 31화,김민서,6,0,2019-07-23 22:05:29,"역시..창귀가면으로 스미스가 살아있었네,,너무 다행이다 진짜 이제 사이다네",False
18070151,70762,호아전 31화,공자반,4,0,2019-07-23 22:09:18,결국 우미하라는 하데스곁으로 갔군 우미하라 지옥에서 영원히 고통받으시길,False
18070160,70762,호아전 31화,눈콩,3,0,2019-07-23 22:10:01,하..... 말로 감동시키지 말란말야.....ㅠㅠ,False
18107664,70762,호아전 31화,승하,2,0,2019-08-04 17:35:57,오라버니들 이래 어떡해 너무 조아,False
18071940,70762,호아전 31화,shinwind79,2,0,2019-07-24 11:02:27,캬 요즘 시기에 사이다같은 내용이네요 과거를 반성안하는 일본은 매운맛좀 봐야됨 ,False
18071136,70762,호아전 31화,원샷의기사,2,0,2019-07-24 01:35:55,쪽빠리 디질때 쾌감 굿👍,False
18082621,70762,호아전 31화,이종서,1,0,2019-07-27 18:04:41,주인공 친일파 애비는 안 죽이나요?,False
18072781,70762,호아전 31화,복덩이,1,0,2019-07-24 20:09:18,"일본놈 죽어서 통쾌하다. 
호야아씨 저런 놈 한테 존대는 할 필요없어요.",False
18072228,70762,호아전 31화,A_푸졸스,1,0,2019-07-24 14:04:14,총없음 딩ㆍ시네,False
18072024,70762,호아전 31화,boongboong,1,0,2019-07-24 11:49:43,"시원~~~~~~하다~~ㅋㅋㅋㅋ
지금의 현실도 만화 같았으면.......ㅜㅜ",False
18071053,70762,호아전 31화,동혜원,1,0,2019-07-24 01:08:11,이제 시작일거같은데...,False
18070781,70762,호아전 31화,형,1,0,2019-07-24 00:05:37,공포보다 무서운 건 실탄이지 그래서 두 번째 탄을 조심해야지 ㅋㅋ,False
18070747,70762,호아전 31화,곤두뤼,1,0,2019-07-23 23:56:00,이제 더 큰 싸움의 시작이겠죠. ,False
18070691,70762,호아전 31화,지필묵,1,0,2019-07-23 23:47:08,우미하라에게 권선징악의 매운 맛을 알려줬네요.,False
18070552,70762,호아전 31화,김수진,1,0,2019-07-23 23:23:27,눈물나....,False
18070536,70762,호아전 31화,ㅎ,1,0,2019-07-23 23:19:32,아싸 칼빵 굿~~!~ ㅠㅠ,False
19488913,70762,호아전 31화,Luna,0,0,2020-06-23 20:22:28,가면으로 총알을 막을수있다고? 개연성죽쒔네,False
18681111,70762,호아전 31화,쁘띠띠아블,0,0,2020-01-06 23:21:16,"제대로,죽은거맞죠?
다시..살아나거나,하지않겠죠?ㅜㅜ",False
18092384,71081,호아전 32화,또교잉,125,1,2019-07-30 22:10:57,"헉... 벌써 완결이라니... 호야와 스미스선생의 더 기나긴 여정이 궁금했는데ㅜㅜㅜㅜㅠㅜㅠ 
뭔가 토속적인 그림체와 옷등이 너무 멋졌는데.. 정말 너무 아쉽습니다...",True
18092641,71081,호아전 32화,fjeijtnx,121,0,2019-07-30 22:52:39,마지막에 픽션이랑 논픽션을 적절히 섞으셔서 더 여운이 남네요. 실제로 스크랜튼 여사는 이화학당의 설립자셨죠,True
18092347,71081,호아전 32화,송이버섯,88,0,2019-07-30 22:07:09,완결이라니! 너무 보내기 아쉬워요! 일제감정기 저렇게 당찬 여인이 주인공으로 나온 작품이 별로 없어서 더 관심있게 봤는데! 기왕이면 호아와 스미스의 여정 더 그려주실 수 없나요! 더 보고 싶어요!,True
18092424,71081,호아전 32화,OZ Foz,66,0,2019-07-30 22:16:56,진짜 이거 영화화나 드라마화해도 정말 좋을 것 같은데 정말 작품성있고 그 당시에 대한 내용으로 이렇게 알차고 재미있고 멋있는 주인공들에 영화화나 드라마화하면 더 좋을 듯,True
18092570,71081,호아전 32화,JINI,40,0,2019-07-30 22:38:04,시작과 끝이 이렇게 완성도가 높다니...더군다나 결말까지도 아름답다진짜,True
18092600,71081,호아전 32화,하늘나래,27,0,2019-07-30 22:46:46,헤엑 완결이라니..???,True
18092326,71081,호아전 32화,지냥G-NYANG,21,0,2019-07-30 22:04:49,엉엉엉 완결이라뇨ㅜㅜㅜ작가님 수고하셨습니다ㅜㅜㅜ,True
18092523,71081,호아전 32화,김지연,17,0,2019-07-30 22:31:12,으엉엉...작가님 호아랑 스미스랑 이제 막 시련을 극복했는데 둘이 알콩달콩한 모습 더 보여주셔야 되는거 아닌가요!!!,True
18092617,71081,호아전 32화,지필묵,16,0,2019-07-30 22:49:15,아쉽습니다. 앞으로 조선 민초의 신산한 삶을 그려주실 거로 기대했는데요. 수고 많으셨습니다.,True
18092398,71081,호아전 32화,고양이,16,0,2019-07-30 22:12:52,엉엉엉엉엉,True
18092595,71081,호아전 32화,황상효,13,0,2019-07-30 22:44:57,아름다운 작품이다,True
18092550,71081,호아전 32화,곤두뤼,10,0,2019-07-30 22:35:19,"흐억.  완결이?? ㅠㅠㅠㅠㅠㅠㅠ
너무 잘 앍고 있었는데 아쉽네요ㅠ 
그 험악한 시절 목숨을 걸고 분투하신 우리 항일지사들과 사람들의 이야기. 너무 감사합니다 ",False
18092553,71081,호아전 32화,띵가띵가,9,0,2019-07-30 22:35:48,작가님 너무 고생 많으셨어요ㅜ 이 작품 드라마화되면 좋을텐데~,False
18093043,71081,호아전 32화,눈콩,6,0,2019-07-31 00:21:22,마지막까지 완벽한 웹툰이었습니다. 작가님 감사해요 ㅠㅜ 오래오래 두고 힘들때마다 호아전을 들춰보며 저도 한걸음 더 나아가겠습니다 :),False
18092790,71081,호아전 32화,뿅딱,6,0,2019-07-30 23:23:45,작가님 정말 좋은 작품 만들어 주셔서 감사합니다 ㅠㅠㅠㅠㅠ 사랑해요 ㅠㅠㅠㅠㅠㅠㅜㅠㅠㅠㅠㅠㅠ,False
18092690,71081,호아전 32화,핫세,6,0,2019-07-30 23:02:54,"심히 아쉽습니다.
요즘의 일본과의 관계로 인해 더더욱 애착이 가던 작품이었는데..좋은 작품 감사했습니다.
곧 또 다른 작품으로 조속히 뵐 수있길 바랍니다.
완결 축하합니다.",False
18092765,71081,호아전 32화,콩냥,5,0,2019-07-30 23:17:50,완결이라니..아직떠나보낼 마음의 준비도 못했는데 ㅠㅠㅜㅜㅠ 작가님 그동안 작품보면서 정말로 즐겁고 한화한화볼때마다 감동하면서 읽었습니다... 너무 아쉽지만 완결축하드립니다!,False
18092713,71081,호아전 32화,조별,5,0,2019-07-30 23:07:19,개쩐다 진짜 개쩐다라는 말밖에 안나오네요...,False
18092694,71081,호아전 32화,안조,5,0,2019-07-30 23:03:44,완결이라니요..ㅠㅠ 그래도 다들 잘되서 다행이기는한데.  멋있고 뜻깊은 그림 그리시느라 너무 고생많으셨어요!!,False
18093027,71081,호아전 32화,양지수,4,0,2019-07-31 00:16:55,"헉 작가님 너뮤너뮤 수고 많으셨어요 ㅠㅜ
진짜 너무너무 재밌었구 행복했습니다 ㅠ",False
18093967,71081,호아전 32화,우윤정,3,0,2019-07-31 10:12:19,"벌써 완결이라니 아쉬워요 ㅠㅠ 스토리, 그림체 모든 것이 제겐 최고였어요...!",False
18094846,71081,호아전 32화,거창왕자뷔,2,0,2019-07-31 20:38:01,이번에는 시즌2로 돌아오시는게 어떨까요......,False
18094782,71081,호아전 32화,godnrlqrte,2,0,2019-07-31 19:34:17,둘이 결혼 하는거 보고싶어요~~!,False
18094745,71081,호아전 32화,길가다꿍,2,0,2019-07-31 19:07:44,참담하고 슬픈 내용도 있지만 동화같은 이야기네요. 이번에도 잘 봤습니다.,False
18093106,71081,호아전 32화,SoojinSusieKwon,2,0,2019-07-31 00:37:38,뭐 독립운동 이야기에 외국인이 왜 주인공이냐 라는 둥 하는 소리한 사람들 다 어디갔냐? 우리나라가 일제시대 벗어난 과정은 우리 스스로의 독립운동도 운동이지만 이면에 이런 외국인들의 도움들도 수없이 많았다는걸 잊지 말아야한다. 우리만 잘난게 아니다. 항상 감사한 마음으로 살아야 한다. ,False
18092946,71081,호아전 32화,맹다인,2,0,2019-07-31 00:00:21,완결이라니 엉엉 잘 봤습니다 작가님 좋은 작품 감사해요,False
18092876,71081,호아전 32화,Moon,2,0,2019-07-30 23:45:53,정말 영화같은 완결입니다ㅡㅠ 끝났다는게 아쉽지만.. 작가님 그동안 좋은작품 감사히 잘봤습니다 고생많으셨어요&#x27;♥,False
18092861,71081,호아전 32화,ㅇㄷㅂ,2,0,2019-07-30 23:42:45,오늘 완결이라니 너무 아쉽네요,False
18117543,71081,호아전 32화,이순주,1,0,2019-08-07 12:11:22,"잘 보았어요..!!
다른작품으로 만나요~~
",False
18117354,71081,호아전 32화,용마나님,1,0,2019-08-07 10:48:36,더 더 그려주세요. 시즌 2  기대합니다ㅠ,False
18116638,71081,호아전 32화,복덩이,1,0,2019-08-07 02:07:07,벌써 완결이라니 너무 아쉬워요.,False
18116293,71081,호아전 32화,조두용,1,0,2019-08-07 00:24:13,정말 잘봤어요 마지막 마무리까지 너무 좋았습니다ㅠㅠ 빨리 다른 작품으로 와주세요 작가님,False
18108077,71081,호아전 32화,아카시아,1,0,2019-08-04 20:35:55,작가님 좋은작품 연재해 주셔서 너무 감사합니다 재밌게 잘 봤어요 ㅠㅠ,False
18102969,71081,호아전 32화,모카짱,1,0,2019-08-03 18:48:46,잘 보았습니다..오랫동안 기억하겠습니다,False
18098385,71081,호아전 32화,오래오래행복하게,1,0,2019-08-01 23:56:53,최고 최고! 감사합니다!,False
18096781,71081,호아전 32화,세반느,1,0,2019-08-01 12:06:53,하.. 호아낭자ㅜㅜ 스미스선생 ㅜㅜ,False
18096218,71081,호아전 32화,비대칭,1,0,2019-08-01 06:42:39,외전 그려주세요,False
18096007,71081,호아전 32화,12,1,0,2019-08-01 02:45:33,역사에서 지워진 여성들이 너무 많은데 이렇게 웹툰으로나마 일깨워주셔서 감사해요 ㅠㅠ,False
18095503,71081,호아전 32화,감자,1,0,2019-08-01 00:06:46,"작가님 그동안 정말 수고 많았어요~~~~
이제 휴식의 시간도 즐기세요♡♡♡♡♡♡",False
18094844,71081,호아전 32화,표상민,1,0,2019-07-31 20:36:13,정확한 때에 잘 끊으셨다고 생각합니다. 좋은 작품이네요,False
18094742,71081,호아전 32화,비욘세횬,1,0,2019-07-31 19:06:00,작가님 작품 한편 한편 볼때마다 너무 가슴이 아팠고 힘든 우리 역사를 잊고 생각없이 사는 제 자신이 부끄럽게 느껴졌습니다. 제가 여태까지 본 웹툰 중 가장 여운이 남는 작품이었습니다. ,False
18094729,71081,호아전 32화,나는야 연기쟁이,1,0,2019-07-31 18:58:15,뭔가 갑자기 끝난 느낌....,False
18094646,71081,호아전 32화,unikue,1,0,2019-07-31 17:56:38,완결이라니 잘봤습니다^^,False
18094484,71081,호아전 32화,김지연,1,0,2019-07-31 15:50:56,"최고의 웹툰, 추천합니다.",False
18094451,71081,호아전 32화,sson,1,0,2019-07-31 15:19:50,너무 좋은 작품이었습니다 ㅋㅋ 정말 수고 많으셨습니다 작가님💕,False
18094117,71081,호아전 32화,천상의 빛,1,0,2019-07-31 11:43:54,"완결 축하드려요ㅠㅠ
그만큼 아쉅기도 하지만요
또다른 이야기 기다리겠습니다",False
18094113,71081,호아전 32화,yeji,1,0,2019-07-31 11:42:25,와...책 제목 호아전으로 지을 때 소름돋았다ㄷㄷ 작가님 사랑해요ㅠㅠㅠ,False
18093834,71081,호아전 32화,이승희,1,0,2019-07-31 08:46:53,아 ㅠㅠ최고의 웹툰이네요 ㅠㅠ결말까지 훌륭해요 ㅠㅠㅠㅠㅠㅠㅠㅠㅠㅠㅠㅠㅠㅠㅠㅠㅠㅠㅠㅠㅠㅠ,False
18093742,71081,호아전 32화,슬리피 할로우,1,0,2019-07-31 07:19:09,"ㅑ외전도
ㅑ내주세요",False
18093574,71081,호아전 32화,생귤탱귤,1,0,2019-07-31 03:17:50,정말 잘봤습니다 완결이라니 아쉽지만 그래도 깔끔한 마무리라 생각합니다 다음에도 좋은 작품으로 찾아와주시면 하는 작은바람입니다 응원할게요 작가님!!,False
18093438,71081,호아전 32화,최하영,1,0,2019-07-31 02:00:23,오늘 처음봤는데.... 완결이라뇨....,False
18093329,71081,호아전 32화,나야나,1,0,2019-07-31 01:29:42,작가님 고생하셨어요. 덕분에 좋은 작품 잘 봤습니다. ,False
18093326,71081,호아전 32화,엘리님사랑해,1,0,2019-07-31 01:28:59,에이 완결이라니 말도 안돼... 작가님 이제 상해 건너서 공부하는 이야기 그려주시는거죠?,False
18093305,71081,호아전 32화,ㅎ,1,0,2019-07-31 01:23:16,와 진짜 개 띵띵띵띵띵작임 이건....ㅠㅠㅠ,False
18093205,71081,호아전 32화,NONE!,1,0,2019-07-31 00:58:57,정말 깔끔한 진행과 결말..,False
18093190,71081,호아전 32화,김수진,1,0,2019-07-31 00:55:56,"대박,,, 진짜 멋진 엔딩이에요. 작가님 정말 좋은 작품 만들어주셔서 감사합니다.",False
18093108,71081,호아전 32화,iceman,1,0,2019-07-31 00:37:48,처음엔 각시탈처럼 일본군 때려잡는 얘기일줄 알았는데 전혀 다른 방햔으로 가서 실망했지만 그래도 잘봤습니다.,False
20311983,71081,호아전 32화,gold-star,0,0,2021-01-02 09:02:30,"와, 재밌어요.",False
18681199,71081,호아전 32화,쁘띠띠아블,0,0,2020-01-06 23:28:32,"꺄아~~끝까지함께하는,호아낭자와존스미스선생을볼수있어서..좋았어요!
독립을위해,힘써주셔서..감사합니다~~
모두가,여러분들..덕분입니다♡♡",False
18207929,71081,호아전 32화,미륵쿠,0,0,2019-09-02 15:45:29,해피엔딩 권선징악이 현실에서도 이뤄지는 날이 오길 바랍니다 작품 잘 봤습니다 작가님!!!!,False
18115615,71365,호아전 후기,하늘나래,155,0,2019-08-06 22:16:27,와우 ㅋㅋ 이렇게 참신하고 재밌는 후기는 처음이에요!,True
18115735,71365,호아전 후기,서은비,128,47,2019-08-06 22:34:43,우미하라역 아이돌 대존잘...,True
18115677,71365,호아전 후기,또교잉,102,0,2019-08-06 22:23:48,아~ 32화까지만 지원받는 웹툰이었군요..  어쩐지 너무 훅 끝난 느낌이어서 아쉬웠습니다ㅜㅜ 그래도 정말 한국적인 느낌이 강한 그림체로 그 시대의 의복들도 멋지게 그려주셔서 감사했습니다~! 차기작 기대하고 있겠습니다~!^^ ,True
18115584,71365,호아전 후기,박유정,65,0,2019-08-06 22:12:56,너무 잘 봤어요. 인터뷰 형식의 후기 참신하고 좋네요ㅎㅎㅎㅎㅎ 다시 한 번 정주행 하고 싶어졌어요.,True
18115863,71365,호아전 후기,미또,56,0,2019-08-06 22:56:40,와... 후기를 이렇게도 할수있다니... 신선했어요!! 좋은 작품 볼 수 있게 해 주셔서 감사합니다 :),True
18115671,71365,호아전 후기,강빵이,55,0,2019-08-06 22:23:34,와 이걸 이렇게 신박한 후기.. 드라마 배역.. 미쳤다,True
18116677,71365,호아전 후기,다미,26,0,2019-08-07 02:20:46,그동안 너무 재밌게봤어요ㅠㅠ 스미스가 따라가는 결말도 넘나 맘에 들고ㅠㅠㅠ차기작 기다리고 있을게요 작가님♥,True
18116646,71365,호아전 후기,복덩이,26,2,2019-08-07 02:09:50,참신한 후기 정말 좋아요.,True
18115596,71365,호아전 후기,김부각,21,0,2019-08-06 22:14:31,"작가님들 정말정말 사랑해요ㅠㅠㅠ 다음에도 좋은 작품으로 만날 수 있었으면 좋겠어요!!!! 자체적으로 오프더레코드까지 해주시다니 증말... 상냥함에 감동입니다.
호아전 진짜 많이 좋아했고 연재해주셔서 감사합니다!!!!! 작가님들 앞으로도 꽃길만 걸으세요!🌸🌸🌸🌸",True
18116139,71365,호아전 후기,최하영,20,0,2019-08-06 23:57:36,후기가 역대급이다ㅠㅠㅠㅠㅋㅋㅋㅋㅋㅋㅋㅋㅋㅋ,True
18117489,71365,호아전 후기,지필묵,14,0,2019-08-07 11:45:16,"인정 깊고 감동도 많이 받았던 작품이면서도, 우리 역사의 가장 치욕스럽고 고통으로 점철된 일제강점기의 기억을 소환하면서 아픔을 함께 맛보았던 웹튠입니다. 역사를 잊은 민족에겐 미래가 있을 수 없겠지요. 우리는 일제강점기 때 민족부역자와 친일 매국노, 밀정 등을 처단하지 못하고 지금에 이르렀습니다. 친일 매국노 후손들이 우리 사회의 기득권층으로 자리 잡고 우리 민족의 정신 근간과 역사를 교란하는 기가 막히고 억장이 무너지는 것을 지켜보면서 무기력에 빠져들기도 했습니다. 수고 많으셨어요. 다음에도 더 좋은 쟉품으로 찾아와주세요.",True
18115854,71365,호아전 후기,신아,14,53,2019-08-06 22:56:01,오프더레코드 덕분에 감정선 제대로 박살나고 여운까지 사라졌어요,False
18116328,71365,호아전 후기,안서영,13,0,2019-08-07 00:29:59,좋아하는 작품이였는데 짧게 끝나서 아쉬워요ㅠㅠ 다양한 여성상 볼 수 있어서 기뻤습니다. 차기작도 기다리고 있을게요♡♡!,True
18116125,71365,호아전 후기,쏘쏘얌,10,1,2019-08-06 23:53:15,이런식의후기 정말 새롭고 좋아요♡작가님 정말 아이디어 천채!!!!,False
18117445,71365,호아전 후기,shinwind79,9,0,2019-08-07 11:25:07,시대배경물이 어려워보이긴한것 같아요 너무 일찍 끝나 아쉬웠는데 지역홍보웹툰이었군요 아쉽다 다음작품도 기대하고 있겠습니다. 빨리 돌아오세요 ,False
18115536,71365,호아전 후기,김예은,9,0,2019-08-06 22:05:03,이렇게 좋은 웹툰 연재해주셔서 감사합니다!! ╰(*´︶`*)╯♡,False
18115604,71365,호아전 후기,하늘을가진놈,8,0,2019-08-06 22:15:34,수고하셨어요 ㅎ,False
18117931,71365,호아전 후기,유기농양파링,7,0,2019-08-07 15:35:38,"그동안 호아전 정말 재미있게 잘봤습니다
마지막에 오프 더 레코드 엄청 재밌었어요!",False
18116501,71365,호아전 후기,티엔티엔,7,0,2019-08-07 01:20:44,"작가님 잘 봤어요:) 
좋은 작품 보고 마음이 두근두근했었는데,
뭔가 되게 현대식의 설레는 인터뷰 후기 너무 좋아요:)
창의성 굿:))",False
18116468,71365,호아전 후기,김민경,6,0,2019-08-07 01:07:52,후기 대존잼ㅠㅠㅠㅠㅠ 조선시대 여성들의 이야기 잘봤습니다 너무 빨리 끝나서 아쉬워요ㅠㅠ 캐릭터들 성장하는 모습 너무 감동적이고... 빨리 다른작품도 보고싶어요ㅎㅎㅎ 푹쉬고 돌아와주세요 호아전 짱잼ㅠㅠ,False
18117301,71365,호아전 후기,여수진,5,0,2019-08-07 10:21:05,흗흗흔으르ㅜㅜ후으흐흑흗.. 흗흗흔으르ㅜㅜ후으흐흑흗흗흗흔으르ㅜㅜ후으흐흑흗..... 흗흗흔으르ㅜㅜ후으흐흑흗흗흗흔으르ㅜㅜ후으흐흑흗 최고의 작품을 보게 해주셔서 감사합니흗흗흔으르ㅜㅜ후으흐흑흗다......작가님 꼭 돌아와주세요 흗흗흔으르ㅜㅜ후으흐흑흗,False
18117241,71365,호아전 후기,임영숙,5,0,2019-08-07 09:54:08,수고하셨습니다. 정말 멋진 작품이었어요. 다름 작품 기대하며 휴식이 가장 좋은 보약이니 잘 쉬시고 곧 만나길 기다리겠습니다.,False
18117130,71365,호아전 후기,포켓몬덕후,5,0,2019-08-07 08:59:23,"으윽윽!!! 수요일의 즐거움이 감소했어...!!! 
작가님 다음작품 기대하고 있으면 되는겁니까?",False
18117035,71365,호아전 후기,지냥G-NYANG,5,0,2019-08-07 08:05:59,헐랭 이번에 가족여행으로 안동가요!!!댑빡,False
18117120,71365,호아전 후기,황황황,4,0,2019-08-07 08:56:53,대사하나하나 너무 뜻있고 좋았어요! 덕분에 한주한주 재밌었습니다bbb,False
18116848,71365,호아전 후기,김수진,4,0,2019-08-07 04:06:00,"의미있는 작품, 여운이 많이 남을 작품, 특별한 작품입니다. 작가님 그려주셔서 감사합니다.",False
18116598,71365,호아전 후기,카키,4,0,2019-08-07 01:53:58,ㅜㅜ아 후기 완전 좋아요ㅜㅜ 다음에도 작가님들 좋은 작품으로 뵙고싶습니다 꼭이요!!!,False
18116302,71365,호아전 후기,조두용,4,0,2019-08-07 00:25:55,정말 고생하셨습니다 작가님 얼른 새로운 작품에서 만나뵈면 좋겠네요ㅠㅠ 그동안 정말 고생하셨고 너무 잘봤습니다 감사합니다,False
18116389,71365,호아전 후기,정남주,3,0,2019-08-07 00:42:38,원래도 역사물을 좋아하지만 호아전 너무 재밌게 잘봤어요!조선의 많은 호아들 지금은 편히 쉬고있으면 좋겠어요 작가님 차기작으로 꼭 돌아와주세요~~~,False
18116289,71365,호아전 후기,wtgjhvdhbi,3,0,2019-08-07 00:23:37,작품 정말 좋았어요. 주체적이고 다양한 여성캐릭터들을 그려주셔서 감사해요. 인상깊었습니다. 다음에 또 꼭 다시 뵈었으면합니다.,False
18116180,71365,호아전 후기,김지연,3,0,2019-08-07 00:04:51,정말 창의적인 후기네요!!그나저나 덮우미하라 너무 잘생긴거 아니냐고요.다음 작품에서는 좋은 역할로 나와주시길!!!,False
18116134,71365,호아전 후기,일기일회,3,0,2019-08-06 23:55:17,"와...작가님 그동안 수고많으셨어요
당차고 용기있는 호아낭자, 잊지 못할꺼에요
다음 작품 기다리고있을께요!",False
18116121,71365,호아전 후기,송세영,3,0,2019-08-06 23:52:31,정말 길게 보고싶은 작품이었는데 32화까지만 지원하는 작품이었다니.... 정말 모든 분들 수고하셨고 호아전 보는 동안 너무 즐겁고 행복했어요!! 이 작품을 볼 수 있게 해주셔서 정말 감사합니다!!,False
18116053,71365,호아전 후기,한슬기,3,0,2019-08-06 23:40:22,댓글은 처음 달아봐요..! 좋은 작품 만들어주셔서 감사합니다 단행본 소식 있으면 꼭 구매하겠습니다!!,False
18120006,71365,호아전 후기,12,2,0,2019-08-08 08:04:39,"후기까지 넘 완벽해버림 ㅠㅠㅠㅠ 지역홍보웹툰이라고 믿기지않을정도로 퀄리티있는 작품이었습니다 호아전보면서 좋았어요 저 시대에도 분명 깨어있는 여성이 있을텐데 어느먀체에서도 다루지 않아서 모르고 있을뿐이라고 생각했거든요 정말 감사합니다:) 후기에 작품에 참여한 작가진까지 얘기해주시는건 처음보는것같아요 그런 점까지 호아전의 스토리와 맘을 같이 하는것같네욥 후기는 진짜 우미하라한테 반할뻔 너무 취저 얼굴 큽 ㅠㅠ 벗 히 이즈.... 
긴시간 연재 고생하셨습니다 차기작또 기대할게요!!",False
18118306,71365,호아전 후기,렛미고,2,0,2019-08-07 19:56:38,고생많으셨습니다. 좋은작품 잘 봤습니다~^^,False
18118140,71365,호아전 후기,예뻐,2,0,2019-08-07 18:06:54,와 오프더 레코드 형식으로 이어져 나오면... 네 제 욕심이겠죠 ㅠㅠㅠ,False
18118113,71365,호아전 후기,서지나,2,0,2019-08-07 17:50:38,후기가 넘 신박해요.. 현실판도 보고싶은 느낌.. 작가님 고생 많으셨습니다! 차기작 기다릴게요!,False
18117971,71365,호아전 후기,성은보호선,2,0,2019-08-07 16:02:43,빨리 끝난게 아쉬워요. 더 많은 에피소드가 있었으면...머 그럼 전개느리다고 애들이 닥달하려나? 아무튼 좋은 작품으로 다시 만나길요.,False
18117956,71365,호아전 후기,소담,2,0,2019-08-07 15:53:26,"저는 작가님 그림이 너무 좋았어요 물론 스토리도 좋지만 그걸 잘 표현해주셔서    진짜로 인물들의 사랑스러움도 다 느껴지고 돈주고 보고싶은데 미리보기가 없어서 너무 슬펐어요 ㅠ 
 작가니 작화 사랑해서 스미스랑 호아 못보내겠어요 ㅠㅠ 자꾸 맘에서 올라와요 ㅠ 이런 적 없는데 ㅜㅜㅜ",False
18117914,71365,호아전 후기,NONE!,2,0,2019-08-07 15:23:56,첫 화부터 후기까지 조금도 버릴 것 없는 좋은 웹툰이었습니다! 다음 작품도 기대할게요^-^ 작가님 파이팅!,False
18117834,71365,호아전 후기,sson,2,0,2019-08-07 14:36:29,우와 마지막까지 감동을 주시는 군요 ㅋ 너무 즐겁게 잘 보았습니다 고생하신 작가님들 모두 수고 많으셨고요 ㅋ 좋은 작품 감사해요 ㅋ,False
18117823,71365,호아전 후기,영이,2,0,2019-08-07 14:30:40,"홍보웹툰이었다니.. 작가님 너무 잘봤어요
차기작도 기대하겠습니다!",False
18117671,71365,호아전 후기,닉네임을 등록해 주세요,2,0,2019-08-07 13:12:44,너무 좋은 작품내주셔서 감사합니다. 사랑해요❤ ,False
18117597,71365,호아전 후기,jong tae,2,0,2019-08-07 12:41:07,아니 너무 재미있었어요!! 차기작 기대됩니다,False
18117514,71365,호아전 후기,모노,2,0,2019-08-07 11:58:55,정말 좋은 작품 감사했습니다!,False
18117375,71365,호아전 후기,용마나님,2,0,2019-08-07 10:55:45,후기 진짜 멋지네요. 이렇게 또 웹툰해도 재미있겠네요,False
18117364,71365,호아전 후기,호면재현,2,0,2019-08-07 10:52:37,후기가 여태껏 본 중에 가장 인상깊네요..특별해요^^끝까지 보길 잘한것 같아요.,False
18117343,71365,호아전 후기,세반느,2,0,2019-08-07 10:43:33,지금까지 너무 수고하셨구요 좋은 작품 내주셔서 감사해요 !! 여운이 진하게 남는 작품이에요 ㅜㅜ 또 다음 호아의 여정을 다룬 호아전 2도 나왔으면 하는 바람입니다ㅜㅜ,False
18116193,71365,호아전 후기,히,2,0,2019-08-07 00:07:12,정말 재밌었어요!!!당찬 호아의 모습도 좋았구요 수고하셨습니다,False
18116045,71365,호아전 후기,G1,2,0,2019-08-06 23:37:50,"헐 신박한 후기 ,,,, 작가님 다음 작품도 기다리고 있을게요 ㅠㅠㅠ",False
18116019,71365,호아전 후기,서현정,2,0,2019-08-06 23:31:52,진짜 신박한 후기네요!! 이런 역사 만화 좋아하는데 그동안 정말 재미있게 봤어요!,False
18115954,71365,호아전 후기,한빛가람,2,0,2019-08-06 23:17:13,"재밌게 잘 봤어요!!! 
다음 작품에서도 뵙길 바래요!",False
18115953,71365,호아전 후기,김나영,2,0,2019-08-06 23:17:11,"좋은 스토리에 좋은후기,  정말 감사합니다^^",False
18115900,71365,호아전 후기,박한서,2,0,2019-08-06 23:04:51,잘 봤습니다 후기또한 좋았어요!,False
18115890,71365,호아전 후기,피그,2,0,2019-08-06 23:02:23,더 오래보고 싶었는데 아쉽네요ㅜㅜ,False
18115888,71365,호아전 후기,정유진,2,0,2019-08-06 23:01:44,후기 너무 재밌어요ㅋㅋㅋㅋㅋㅋㅋㅋ,False
18115878,71365,호아전 후기,whitegel,2,0,2019-08-06 22:59:23,빨리끝난이유가 있었군요..감사합니다 잘 봤습니다..^^,False
18121253,71365,호아전 후기,Alice,1,0,2019-08-08 18:34:50,와 오프더레코드형 후기 너무 좋아여...,False
18120986,71365,호아전 후기,Nirwana,1,0,2019-08-08 15:44:36,좋은 웹툰 잘봤습니다!! 작가님 차기작나오면 꼭 볼게요!!ㅠㅠ수고하셨어요!,False
18118389,71365,호아전 후기,bluemoon,1,0,2019-08-07 20:47:20,후기 보고 지역홍보 웹툰이라는걸 처음 알았어요! 호아뿐 아니라 다양한 여성 캐릭터들의 활약을 볼 수 있어서 즐거웠어요 오프더레코드도 너무 신박하고 재미있네요 ㅋㅋ 다음작품으로 또 뵐수있었으면 좋겠습니다!!,False
19428883,71365,호아전 후기,온새미로,0,0,2020-06-09 18:51:18,"작가님 고생 많으셨습니다:) 덕분에 좋은, 기억에 오래 남을 작품을 보면서 역사도 되새겨보고 소소한 다짐도 하면서 즐겁고 의미 있는 하루를 보냈습니다.(완결된 후에 봐서 하루 만에 정주행했어요...ㅎㅎ) 호아전 캐릭터들 정말 잊지 못할 거예요ㅠ 스미스 선생,호아,용석,해랑 그리고 호아전의 여인들까지 너무 좋았습니다. 작가님의 다음 작품도 기대할게요!! 항상 건강하고 행복하시길^^*",False
19231161,71365,호아전 후기,꿈댕이,0,0,2020-04-27 13:57:14,아픈 시대의 이야기를 통쾌하게 그려주셔서 감사해요. 결말도 너무 마음에 들었어요.,False
19136010,71365,호아전 후기,우정,0,0,2020-04-09 15:25:00,"감사합니다.
정말 잘 봤습니다.
다시한번 우리나라를 지키기위해 고인이되신 분들에게 감사를 표하고 싶습니다.
",False
18879862,71365,호아전 후기,이순주,0,0,2020-02-23 18:54:52,다시 만나요..!!!!!!!,False
18681275,71365,호아전 후기,쁘띠띠아블,0,0,2020-01-06 23:34:59,"후기가,너무참신해서..좋았어요!
후기보고나니,웹툰이아니라..영화한편을본듯해요~~ㅎㅎ
좋은작품,감사합니다♡♡",False
18355934,71365,호아전 후기,박경미,0,0,2019-10-13 12:14:56,작가님 후기까지 너무 재미있었고요 스토리 그림체 다 완벽했습니다👍 차기작에서 찾아뵙겠습니다,False
18263709,71365,호아전 후기,문하진,0,0,2019-09-18 16:40:15,재밌었어요 정말 잘 봤습니다!,False
18156216,71365,호아전 후기,hy829,0,0,2019-08-18 18:59:27,너무 좋은 작품 감사합니다! 다음 작품도 이렇게 가슴을 울리고 여운을 남기는 작품이길 기다합니다.,False
18151848,71365,호아전 후기,널거 싶다그,0,0,2019-08-17 02:40:13,정말이지 가슴속이 뜨거워지는 웹툰이였습니다~  !!,False
18142000,71365,호아전 후기,-,0,0,2019-08-14 10:53:50,저 스미스역의 배우분만 구하신다면 제발 드라마화를...!,False
18141999,71365,호아전 후기,-,0,0,2019-08-14 10:53:19,헐...,False
18141983,71365,호아전 후기,-,0,0,2019-08-14 10:50:13,제발 드라마화,False
18134262,71365,호아전 후기,민경,0,0,2019-08-12 20:05:39,작가님 정말 오랜만에 웹툰을 너무너무 재미있게 봤습니다. 차기 작품 기대하면서 기다릴께요^^,False
18129994,71365,호아전 후기,강소원,0,0,2019-08-11 10:01:54,후기가 신선하네요,False
18127973,71365,호아전 후기,박유민,0,0,2019-08-10 21:23:27,드라마였다는거 대박대박 굿잡맨,False
18122892,71365,호아전 후기,안정현,0,0,2019-08-09 01:53:26,좋은작품 잘 봤습니다~ 다음번 작품도 기다릴께요~,False
18122497,71365,호아전 후기,해인,0,0,2019-08-09 00:29:30,진짜 최고의 작품... 스토리도 너무 좋았고 그림체도 너무 좋고 주인공도 너무 좋고!!!! 다 최고였어요 이런 명작 볼 수 있게 해주신 작가님 너무 감사합니다!!! 적게일하고 많이 버세요❗️❗️,False
18120787,71365,호아전 후기,꿀e,0,0,2019-08-08 14:09:49,다르긴 하지만 예전 드라마 각시탈 느낌 살짝 나기도 하고 신선했어요 드라마로 나와도 재밌을거같아요^^,False
15974087,48478,독고 리와인드 1화,김대연,7,0,2018-02-14 17:25:13,와... 대박ㅠㅠㅠㅠ,False
16179031,48478,독고 리와인드 1화,꼬막3개,6,0,2018-04-07 20:10:17,"최고의 웹툰, 추천합니다.",False
16359976,48478,독고 리와인드 1화,이호진,5,0,2018-06-01 10:57:55,지림ㅋㅋ,False
16667558,48478,독고 리와인드 1화,푸하하,4,0,2018-08-27 15:20:32,"다 잼나지만... 혁이 나오는게... 잼나요.ㅋ
세계관 최강자는 혁이가 아니지만..ㅡ.,ㅡ;",False
16087695,48478,독고 리와인드 1화,B-boy_Win-J,3,0,2018-03-22 22:19:47,싸움을 잘해야 함 ,False
16085965,48478,독고 리와인드 1화,모진뇨자,3,0,2018-03-22 03:25:58,"최고의 웹툰, 추천합니다.",False
16041839,48478,독고 리와인드 1화,선례후병,2,0,2018-03-07 14:33:56,많이 알려진 만화라고 생각했는데 아직도 모르는 사람이 많군요,False
15997556,48478,독고 리와인드 1화,김형빈,2,0,2018-02-22 00:51:39,"최고의 웹툰, 추천합니다.",False
15975105,48478,독고 리와인드 1화,정승현,2,1,2018-02-15 00:14:20,명작임 ㄹㅇ루다가,False
16023075,48478,독고 리와인드 1화,똥나팔,1,3,2018-03-01 10:53:23,쌍둥이형이 죽기전 내용이군요~ 재밌겠다 ,False
20121625,48478,독고 리와인드 1화,justice,0,0,2020-11-17 16:34:16,뭐 다 그넘이 그넘 같이 생겼냐..,False
19164279,48478,독고 리와인드 1화,웹툰마스터,0,0,2020-04-15 23:58:32,허세 아닌데 ㅋㅋ,False
17913497,48478,독고 리와인드 1화,진채연,0,0,2019-06-10 00:44:48,"최고의 웹툰, 추천합니다.",False
15977005,48479,독고 리와인드 2화,김광현,6,0,2018-02-15 14:36:47,명작들이 몇년이나 지난후에야 메이저로 왔네,False
19111499,48479,독고 리와인드 2화,고소니,1,0,2020-04-04 22:48:36,다시정주행!재밌게볼께용 ㅎㅎ,False
16667566,48479,독고 리와인드 2화,푸하하,1,0,2018-08-27 15:24:21,"봤던 작품이지만, 또 잘 보고 있습니다.",False
19164311,48479,독고 리와인드 2화,웹툰마스터,0,0,2020-04-16 00:05:08,나도 다시 정주행 또 봐도 잼나!!!!!!!,False
16179038,48479,독고 리와인드 2화,꼬막3개,0,1,2018-04-07 20:13:12,"최고의 웹툰, 추천합니다.",False
16085974,48479,독고 리와인드 2화,모진뇨자,0,0,2018-03-22 03:31:17,"최고의 웹툰, 추천합니다.",False
16014897,48480,독고 리와인드 3화,Angela,3,0,2018-02-27 08:19:53,"동생지켜주고싶데.  ,아악 눈물나ㅠ",False
15975933,48480,독고 리와인드 3화,김민환,3,0,2018-02-15 04:01:27,남자답네... ,False
15974098,48480,독고 리와인드 3화,김대연,2,0,2018-02-14 17:31:35,짜식 멋지냐 멋진이유네ㅋㅋㅋㅋ,False
19164339,48480,독고 리와인드 3화,웹툰마스터,0,0,2020-04-16 00:09:01,좋은 오빠로군 ㅎ,False
16667572,48480,독고 리와인드 3화,푸하하,0,1,2018-08-27 15:26:42,파이팅,False
16179044,48480,독고 리와인드 3화,꼬막3개,0,0,2018-04-07 20:16:48,"최고의 웹툰, 추천합니다.",False
16085975,48480,독고 리와인드 3화,모진뇨자,0,0,2018-03-22 03:34:35,"최고의 웹툰, 추천합니다.",False
15974104,48481,독고 리와인드 4화,김대연,4,0,2018-02-14 17:34:06,이게 통시리즈 끝나고 나온 웹툰인가요? 아시는분 댓글좀 ㅠㅠ,False
15977021,48481,독고 리와인드 4화,김광현,2,0,2018-02-15 14:43:05,통 시즌1이랑 같은시기에 했을걸요 ,False
16667603,48481,독고 리와인드 4화,푸하하,0,0,2018-08-27 15:40:39,잘 보고 있습니다.,False
16179051,48481,독고 리와인드 4화,꼬막3개,0,0,2018-04-07 20:19:43,"최고의 웹툰, 추천합니다.",False
16085981,48481,독고 리와인드 4화,모진뇨자,0,0,2018-03-22 03:40:06,"최고의 웹툰, 추천합니다.",False
16667607,48482,독고 리와인드 5화,푸하하,2,0,2018-08-27 15:42:38,그래도 저녀석은 아주 조금 착한거구나.ㅎ,False
15977101,48482,독고 리와인드 5화,레몬사탕,2,0,2018-02-15 15:25:17,아 재밌네 왜 이제야 알았지,False
15975938,48482,독고 리와인드 5화,김민환,2,0,2018-02-15 04:04:54,원래 내부분열이 가장 무서운법... ㄷㄷㄷㄷㄷㄷㄷㄷ 개존잼,False
16179054,48482,독고 리와인드 5화,꼬막3개,1,0,2018-04-07 20:21:41,"최고의 웹툰, 추천합니다.",False
19164380,48482,독고 리와인드 5화,웹툰마스터,0,0,2020-04-16 00:15:20,그래도 쓰레기일뿐!!!,False
16085982,48482,독고 리와인드 5화,모진뇨자,0,0,2018-03-22 03:42:38,"최고의 웹툰, 추천합니다.",False
15974109,48482,독고 리와인드 5화,김대연,0,0,2018-02-14 17:36:22,"결제 하겠네 .. ~,.~",False
16014911,48483,독고 리와인드 6화,Angela,4,0,2018-02-27 08:26:06,악.. . . 이용권이용귄이용권이용귄이용귄이용권,False
19164396,48483,독고 리와인드 6화,웹툰마스터,0,0,2020-04-16 00:18:05,결제의늪!!!!!,False
18150268,48483,독고 리와인드 6화,열심히살자,0,0,2019-08-16 18:05:39,독고 결제 후유증 ㅠ 200원이 모이니깐 몇만원이네 ㅠ,False
16667611,48483,독고 리와인드 6화,푸하하,0,0,2018-08-27 15:44:32,잼나게 잘 보고 있습니다.,False
16624379,48483,독고 리와인드 6화,남해성,0,0,2018-08-15 15:54:49,통에다가 7만원은 쓴거 같은데 또 써야되냐 ㅋㅋ 100원으로 줄여주면 안되냐 ㅋ,False
16179056,48483,독고 리와인드 6화,꼬막3개,0,0,2018-04-07 20:23:28,"최고의 웹툰, 추천합니다.",False
16085984,48483,독고 리와인드 6화,모진뇨자,0,0,2018-03-22 03:44:51,"최고의 웹툰, 추천합니다.",False
16071678,48483,독고 리와인드 6화,독고성진,0,0,2018-03-16 22:56:09,다음은  무조건 유료결제네 네이버는 무료인데,False
16019501,48483,독고 리와인드 6화,미니양요,0,0,2018-02-28 11:59:15,"독고를 전체결재를 했는데,,,,,,, 이것도 해야하나 ,,,,, 고민고민 ,,,,, ㅜㅜ",False
15982513,48483,독고 리와인드 6화,놀아줘,0,0,2018-02-17 16:53:16,ㅌ,False
16004021,48484,독고 리와인드 7화,이의윤,5,0,2018-02-23 17:22:18,제발 자살만은 하지마요 제발요 ㅠㅠㅠ 우울증있다고 그걸 극복해야하는데 가족이 괴롭힘을 당해서 힘들뿐이지 가능합니다. 힘내!!,False
17562861,48484,독고 리와인드 7화,leehch80,0,0,2019-03-09 07:48:20,재미있습니다.수고요.,False
16086004,48484,독고 리와인드 7화,모진뇨자,0,0,2018-03-22 03:59:48,"최고의 웹툰, 추천합니다.",False
15977036,48484,독고 리와인드 7화,김광현,0,0,2018-02-15 14:53:52,불쌍한 현선이,False
16687944,48485,독고 리와인드 8화,푸하하,4,0,2018-09-02 06:56:39,종일이와 혁의 만남...ㅎㅎㅎ,False
16022391,48485,독고 리와인드 8화,휘파람,3,0,2018-03-01 04:09:29,으어어어어 종일이 ㅠㅠ ,False
16086009,48485,독고 리와인드 8화,모진뇨자,1,0,2018-03-22 04:03:21,"최고의 웹툰, 추천합니다.",False
16009343,48485,독고 리와인드 8화,에이스,1,0,2018-02-25 11:02:41,대작인디 지난만화라서 댓글이 없나요?,False
15995136,48485,독고 리와인드 8화,미스터퍼팩트,1,1,2018-02-21 10:56:09,대작이다..열라대작,False
17118447,48485,독고 리와인드 8화,하늘이동생,0,0,2019-01-08 21:20:39,아니 이대작을 왜안봐?,False
16389462,48485,독고 리와인드 8화,Kingdom,0,0,2018-06-10 11:03:36,미치겠다.총수 통 블러드레인 독고리와인드 독고 한번에 다나오노ㅜㅜ,False
16680616,48486,독고 리와인드 9화,건담,4,0,2018-08-31 04:05:26,본환이 여기서는 한따까리하는데 가면갈수록 ㅂㅅ되는느낌적인 느낌 ㅋㅋ,False
16030066,48486,독고 리와인드 9화,Angela,3,0,2018-03-03 14:11:03,으읔. . 짧아. . .ㅠ,False
15995589,48486,독고 리와인드 9화,불꽃남자,2,1,2018-02-21 13:49:02,간만에 봐도 역시 최고네.,False
16694033,48486,독고 리와인드 9화,푸하하,1,0,2018-09-04 09:38:57,잘 보고 있습니다.,False
16390731,48486,독고 리와인드 9화,정호찬,1,0,2018-06-10 23:08:34,역시 멋지네,False
19635557,48486,독고 리와인드 9화,마요네즈뚜껑,0,0,2020-07-30 03:56:57,어떻게친해질지,False
17822361,48486,독고 리와인드 9화,꿈꾸는 나옹이,0,0,2019-05-17 04:56:24,잘보고있어요,False
16086010,48486,독고 리와인드 9화,모진뇨자,0,0,2018-03-22 04:06:18,"최고의 웹툰, 추천합니다.",False
16012925,48487,독고 리와인드 10화,이의윤,7,0,2018-02-26 18:31:39,역시 진짜들의 싸움은 다르네요 ㅋ,False
16376371,48487,독고 리와인드 10화,박영미,5,0,2018-06-06 09:59:20,쟤들 다 독고친구들인데ㅋㅋ좀있으면 다 친해지겠군ㅋ,False
16701389,48487,독고 리와인드 10화,푸하하,4,0,2018-09-06 14:45:36,ㅎㅎ 종일이랑 혁이의 대결.ㅎㅎ ,False
16179076,48487,독고 리와인드 10화,꼬막3개,1,0,2018-04-07 20:33:48,"최고의 웹툰, 추천합니다.",False
16086011,48487,독고 리와인드 10화,모진뇨자,1,0,2018-03-22 04:08:25,"최고의 웹툰, 추천합니다.",False
18567116,48487,독고 리와인드 10화,TomKin,0,0,2019-12-07 22:10:47,몬데?,False
16049704,48487,독고 리와인드 10화,선례후병,0,0,2018-03-09 22:35:13,최고^^,False
15995568,48488,독고 리와인드 11화,레이어스,9,2,2018-02-21 13:42:06,오오 언니가 쉽지 않은 존재였네,False
16399701,48488,독고 리와인드 11화,정호찬,2,0,2018-06-13 16:35:34,오 언니가 한 딱가리하나보네,False
16727634,48488,독고 리와인드 11화,푸하하,1,0,2018-09-12 11:02:14,대박..ㅎㅎ 잘 보고 있습니다.,False
16179081,48488,독고 리와인드 11화,꼬막3개,1,0,2018-04-07 20:36:22,"최고의 웹툰, 추천합니다.",False
16086015,48488,독고 리와인드 11화,모진뇨자,0,0,2018-03-22 04:12:24,"최고의 웹툰, 추천합니다.",False
16046540,48488,독고 리와인드 11화,쵸코로망,0,0,2018-03-08 23:50:54,오오 ... ,False
16002708,48489,독고 리와인드 12화,김현숙,11,0,2018-02-23 09:04:46,오~ 사이다,True
16428411,48489,독고 리와인드 12화,정호찬,4,0,2018-06-21 08:26:45,크~  멋져,False
16023268,48489,독고 리와인드 12화,신원,4,1,2018-03-01 12:16:11,여자도 이런 만화 보나봐?,False
16667604,48489,독고 리와인드 12화,건담,3,0,2018-08-27 15:41:05,아 통에 교생장면이 이장면이구나,False
16392989,48489,독고 리와인드 12화,반달돼펭,2,0,2018-06-11 18:33:21,"작가님, 정말 재밌어요!",False
16735268,48489,독고 리와인드 12화,푸하하,1,0,2018-09-14 11:17:50,잼나네요.ㅎㅎ,False
16179089,48489,독고 리와인드 12화,꼬막3개,1,0,2018-04-07 20:38:49,"최고의 웹툰, 추천합니다.",False
16086018,48489,독고 리와인드 12화,모진뇨자,1,0,2018-03-22 04:16:31,"최고의 웹툰, 추천합니다.",False
19639934,48489,독고 리와인드 12화,마요네즈뚜껑,0,0,2020-07-31 03:57:24,든든한언니를뒀구먼,False
16833776,48489,독고 리와인드 12화,랑떼르디,0,0,2018-10-13 22:08:45,캬~~므찌네,False
16179095,48504,독고 리와인드 13화,꼬막3개,0,0,2018-04-07 20:41:01,"최고의 웹툰, 추천합니다.",False
16086024,48504,독고 리와인드 13화,모진뇨자,0,0,2018-03-22 04:20:43,"최고의 웹툰, 추천합니다.",False
16047909,48504,독고 리와인드 13화,Angela,0,0,2018-03-09 07:59:35,아ㅡㅡㅡㅡ궁금. . 답답.   걍  한번에 봐야겠당 ,False
16843274,48505,독고 리와인드 14화,랑떼르디,2,0,2018-10-16 22:40:08,저런 쳐죽일것들..,False
16756411,48505,독고 리와인드 14화,푸하하,1,0,2018-09-19 11:10:39,"안타깝네요.ㅡ.,ㅡ;",False
16179098,48505,독고 리와인드 14화,꼬막3개,1,1,2018-04-07 20:43:22,"최고의 웹툰, 추천합니다.",False
16086028,48505,독고 리와인드 14화,모진뇨자,1,0,2018-03-22 04:23:13,"최고의 웹툰, 추천합니다.",False
16057765,48505,독고 리와인드 14화,바람난지니,1,0,2018-03-12 01:02:04,잡아다가 족쳐야 하는데...저런것들은 ,False
19644674,48505,독고 리와인드 14화,마요네즈뚜껑,0,0,2020-08-01 15:19:57,독한x들,False
16761753,48509,독고 리와인드 15화,푸하하,2,0,2018-09-20 23:28:56,강추 다시봐도 꿀잼,False
16179104,48509,독고 리와인드 15화,꼬막3개,1,0,2018-04-07 20:45:46,"최고의 웹툰, 추천합니다.",False
16086032,48509,독고 리와인드 15화,모진뇨자,1,0,2018-03-22 04:26:35,"최고의 웹툰, 추천합니다.",False
15977059,48509,독고 리와인드 15화,김광현,1,0,2018-02-15 15:08:38,두둥,False
18526597,48509,독고 리와인드 15화,구매담당,0,0,2019-11-27 15:52:45,👍,False
16009310,48511,독고 리와인드 16화,적군모창 청운,4,0,2018-02-25 10:48:41,팔목 부시고 표정 완전 태연하다. ㄷㄷㄷㄷ,False
16383970,48511,독고 리와인드 16화,이호진,2,0,2018-06-08 13:17:37,히어로 등장~~,False
16852056,48511,독고 리와인드 16화,랑떼르디,1,0,2018-10-19 07:39:55,태연하게 완력 저정도면 독고가 같은 나이 정우보다 약하진 않은듯,False
16767160,48511,독고 리와인드 16화,푸하하,0,0,2018-09-21 23:39:47,등장 ㅎㅎ,False
16086035,48511,독고 리와인드 16화,모진뇨자,0,0,2018-03-22 04:28:32,"최고의 웹툰, 추천합니다.",False
15977067,48513,독고 리와인드 17화,김광현,10,0,2018-02-15 15:11:43,존멋,False
16049705,48513,독고 리와인드 17화,ALICAI H,6,0,2018-03-09 22:35:28,혀기오빠ㅠㅠ....♡,False
15983813,48513,독고 리와인드 17화,이카루시아,6,0,2018-02-18 01:54:52,짱사이다,False
16576666,48513,독고 리와인드 17화,지원사마,4,0,2018-08-02 01:06:20,이기주 저세끼는 지저분하게싸워,False
16039448,48513,독고 리와인드 17화,어른서나,4,0,2018-03-06 21:10:58,쩐다,False
16859506,48513,독고 리와인드 17화,랑떼르디,2,1,2018-10-21 13:28:22,독고랑 통이랑 이래서 틀리구나~~~정우는 정이 안가는데 혁인 다르다!,False
16184847,48513,독고 리와인드 17화,레드드래곤,1,0,2018-04-10 00:37:27,"최고의 웹툰, 추천합니다.",False
16091385,48513,독고 리와인드 17화,호세,1,0,2018-03-24 03:39:29,요즘점점재미있어여,False
16086036,48513,독고 리와인드 17화,모진뇨자,1,0,2018-03-22 04:30:07,"최고의 웹툰, 추천합니다.",False
16072747,48513,독고 리와인드 17화,&#53578;가이,1,0,2018-03-17 02:51:44,잘봤습니다~,False
16067420,48513,독고 리와인드 17화,&#53578;가이,1,0,2018-03-15 13:31:05,재미있게 잘보고 갑니다~,False
16179112,48513,독고 리와인드 17화,꼬막3개,0,0,2018-04-07 20:49:21,"최고의 웹툰, 추천합니다.",False
16065454,48516,독고 리와인드 18화,Angela,4,0,2018-03-14 22:36:50,죽지마ㅠ,False
16050929,48516,독고 리와인드 18화,정성욱,2,0,2018-03-10 05:26:49,했던 니가 나를 떠나버렸어~,False
15983820,48516,독고 리와인드 18화,이카루시아,1,0,2018-02-18 01:56:27,설마..?,False
20310833,48516,독고 리와인드 18화,메돌이,0,0,2021-01-02 01:04:48,불쌍한규순이...다시봐도 슬프네...,False
18555075,48516,독고 리와인드 18화,구매담당,0,0,2019-12-04 05:25:43,각성이다 이것들아~~,False
16778253,48516,독고 리와인드 18화,푸하하,0,0,2018-09-25 18:02:12,규순이가 이렇게 가는구나... 하도 예전에 봤던거라... 긴가민가했는데.ㅠ.ㅠ 넘 안타깝다.,False
16451602,48516,독고 리와인드 18화,정호찬,0,0,2018-06-27 18:08:29,죽은거야???,False
16387002,48516,독고 리와인드 18화,이호진,0,0,2018-06-09 13:23:03,장파열인가...병원을가...왜 그러고있냐ㅠ,False
16095260,48516,독고 리와인드 18화,쵸코로망,0,0,2018-03-25 20:02:30,내장터졌나.....?,False
16086038,48516,독고 리와인드 18화,모진뇨자,0,0,2018-03-22 04:32:55,"최고의 웹툰, 추천합니다.",False
16072755,48516,독고 리와인드 18화,&#53578;가이,0,0,2018-03-17 02:54:50,음...........,False
15977082,48517,독고 리와인드 19화,김광현,7,0,2018-02-15 15:17:10,이번화는 다 쓰레기네,False
16389738,48517,독고 리와인드 19화,이호진,3,0,2018-06-10 13:27:01,죽을 정도로 아팠는데 병원을 왜 안간거야...,False
16871886,48517,독고 리와인드 19화,랑떼르디,1,0,2018-10-25 07:26:33,그니까 뒤질꺼 같음 병원이라도 가야지 집이 못사는 것도 아님서 아..답답,False
16784304,48517,독고 리와인드 19화,푸하하,0,0,2018-09-27 19:57:14,조강훈 등장,False
16179124,48517,독고 리와인드 19화,꼬막3개,0,0,2018-04-07 20:53:25,"최고의 웹툰, 추천합니다.",False
16086042,48517,독고 리와인드 19화,모진뇨자,0,0,2018-03-22 04:35:31,"최고의 웹툰, 추천합니다.",False
16056925,48519,독고 리와인드 20화,38광땡,4,0,2018-03-11 21:52:11,진짜 크. .낭만있네,False
16788973,48519,독고 리와인드 20화,푸하하,3,0,2018-09-29 06:51:55,맞다 둘이 이렇게 만났었지.ㅋ,False
15977089,48519,독고 리와인드 20화,김광현,3,0,2018-02-15 15:20:08,드디어 표태진과 만났네,False
17305177,48519,독고 리와인드 20화,후훗-_-a,1,0,2019-01-31 19:49:48,이때부터였어요 씨름선수가 무섭다고 느낀게,False
15974520,48519,독고 리와인드 20화,얌즈,1,0,2018-02-14 20:55:14,전설의 시작,False
16179130,48519,독고 리와인드 20화,꼬막3개,0,0,2018-04-07 20:55:49,"최고의 웹툰, 추천합니다.",False
16086047,48519,독고 리와인드 20화,모진뇨자,0,0,2018-03-22 04:38:37,"최고의 웹툰, 추천합니다.",False
15983833,48519,독고 리와인드 20화,이카루시아,0,0,2018-02-18 01:59:15,크,False
16068172,48521,독고 리와인드 21화,JGR,4,0,2018-03-15 20:58:06,잘보고있습니다,False
16176719,48521,독고 리와인드 21화,출동재롱이,3,0,2018-04-06 23:36:35,"으아악!!!
나 자연스럽게! 결제했어!!!",False
16797592,48521,독고 리와인드 21화,푸하하,2,0,2018-10-02 08:05:42,잼나요 ㅎㅎ,False
16086053,48521,독고 리와인드 21화,모진뇨자,2,0,2018-03-22 04:44:22,"최고의 웹툰, 추천합니다.",False
16728162,48521,독고 리와인드 21화,창보,1,0,2018-09-12 14:29:13,ㅋㅋㅋ,False
19658447,48521,독고 리와인드 21화,마요네즈뚜껑,0,0,2020-08-04 13:19:50,벽에그림너무귀엽네,False
16392563,48521,독고 리와인드 21화,이호진,0,0,2018-06-11 13:54:47,으악 결제의 늪에 빠질듯,False
16339072,48521,독고 리와인드 21화,김종훈,0,0,2018-05-26 23:19:09,벽에있는그림 왤케 귀엽죠 ㅋㅋㅋㅋㅋ,False
16056808,48523,독고 리와인드 22화,어른서나,5,0,2018-03-11 20:52:08,넌 디져쓰~ ,False
16086055,48523,독고 리와인드 22화,모진뇨자,1,0,2018-03-22 04:48:21,"최고의 웹툰, 추천합니다.",False
18624549,48523,독고 리와인드 22화,TomKin,0,0,2019-12-22 23:53:34,눈빛 어쩔,False
17313028,48523,독고 리와인드 22화,후훗-_-a,0,0,2019-02-03 12:28:04,존멋탱,False
16880764,48523,독고 리와인드 22화,gongle2,0,0,2018-10-27 11:09:40,10등 실화냐,False
16804848,48523,독고 리와인드 22화,푸하하,0,0,2018-10-04 11:34:07,정말 대박... 잼나요~~,False
16667806,48523,독고 리와인드 22화,건담,0,0,2018-08-27 17:50:07,이거 삘이 이상한데?... 독고에서 표태진 여친 잘못됐다고나오는데 혹시 현선이?,False
16420861,48523,독고 리와인드 22화,박정수,0,0,2018-06-19 12:14:03,느그 졋댐,False
16392575,48523,독고 리와인드 22화,이호진,0,0,2018-06-11 14:01:11,느그는 ㅈ댐,False
16176224,48523,독고 리와인드 22화,차단해,0,0,2018-04-06 17:38:41,셋다ㅂㅂ구나ㅋ,False
16175639,48523,독고 리와인드 22화,-dan-,0,0,2018-04-06 12:05:41,엑스트라가 입이 참 방정맞네.,False
16667809,48524,독고 리와인드 23화,건담,3,0,2018-08-27 17:52:24,전설의 시작이다 이정우가나온다,False
16037094,48524,독고 리와인드 23화,스테고로진세이,2,0,2018-03-06 01:03:20,독고야..멋있다..,False
16811527,48524,독고 리와인드 23화,푸하하,1,0,2018-10-06 14:51:30,독고가 멋지당,False
16757098,48524,독고 리와인드 23화,창보,1,0,2018-09-19 15:54:44,ㅋㅋ,False
16086059,48524,독고 리와인드 23화,모진뇨자,1,0,2018-03-22 04:51:49,"최고의 웹툰, 추천합니다.",False
16181262,48524,독고 리와인드 23화,Ar랑Lr무,0,0,2018-04-08 17:28:36,내 동생 건들지마래~꺅~머찌당~,False
16176231,48524,독고 리와인드 23화,차단해,0,0,2018-04-06 17:40:58,멋지다 쵝ㅇㆍ,False
16175643,48524,독고 리와인드 23화,-dan-,0,0,2018-04-06 12:08:04,하.. ,False
16059527,48524,독고 리와인드 23화,어른서나,0,0,2018-03-12 21:10:55,오빠! ,False
16496396,48525,독고 리와인드 24화,오바쟁이,3,0,2018-07-09 15:33:22,썩을대로 썩어서 더 이상 썩을것도 없는 대한민국  교육의 현실이 반영되어서 답답하네요 웹툰에서라도 사이다를 바랍니다ㅜㅜ,False
16816631,48525,독고 리와인드 24화,푸하하,2,0,2018-10-08 05:56:40,현선이를 두 번 울리네..ㅠ.ㅠ,False
16086061,48525,독고 리와인드 24화,모진뇨자,1,0,2018-03-22 04:57:51,"최고의 웹툰, 추천합니다.",False
16898721,48525,독고 리와인드 24화,랑떼르디,0,0,2018-11-01 20:35:10,현선이 또운다..,False
16037122,48526,독고 리와인드 25화,스테고로진세이,6,0,2018-03-06 01:08:14,그리운 얼굴들이네 인범 희수!!!,False
16288309,48526,독고 리와인드 25화,휘파람,2,0,2018-05-13 01:18:46,갑자기 세계관 헷갈레누,False
16598697,48526,독고 리와인드 25화,-k,1,0,2018-08-08 10:04:43,캬 인범이 희수!!!!!!!!!!,False
16820285,48526,독고 리와인드 25화,푸하하,0,0,2018-10-09 16:05:18,동재 ㅋ,False
16667815,48526,독고 리와인드 25화,건담,0,0,2018-08-27 17:58:07,이정우 나오기 전인가,False
16086063,48526,독고 리와인드 25화,모진뇨자,0,0,2018-03-22 05:02:36,"최고의 웹툰, 추천합니다.",False
15977138,48527,독고 리와인드 26화,김광현,5,0,2018-02-15 15:40:59,종일이가 볼펜들고 싸운 첫 날,False
16086068,48527,독고 리와인드 26화,모진뇨자,1,0,2018-03-22 05:05:44,"최고의 웹툰, 추천합니다.",False
19215711,48527,독고 리와인드 26화,클레오파트라,0,0,2020-04-25 15:49:13,안아프게 맞기,False
16823645,48527,독고 리와인드 26화,푸하하,0,0,2018-10-10 17:22:29,"이 때가 정우가 전학 오기 전인건가요? 
음.... 종일이가 고1이면, 정우가 고2인건데... 정우가 고1때 전학온걸로 되어 있는데... 아 모르겠다. 기억이 가물가물...",False
16503571,48529,독고 리와인드 27화,안도리옹,2,0,2018-07-11 16:26:47,이놈들은 교복만 입었지 조폭수준이야 칼부림하고 우리때는 짱돌정도였는디,False
16175648,48529,독고 리와인드 27화,-dan-,2,0,2018-04-06 12:13:54,아 흉터가 이래서 생긴 거군요,False
16139003,48529,독고 리와인드 27화,신원,2,0,2018-04-01 11:35:33,"내가 통 씨리즈 보면서 처음 댓글다는데, 이거 그림체만 정말 더 섬세하고 멋있으면 최고의 웹툰된다.",False
16086069,48529,독고 리와인드 27화,모진뇨자,1,0,2018-03-22 05:07:58,"최고의 웹툰, 추천합니다.",False
16827194,48529,독고 리와인드 27화,푸하하,0,0,2018-10-11 17:50:02,넘나 잼나요.ㅠ.ㅠ,False
16315905,48529,독고 리와인드 27화,휘파람,0,0,2018-05-21 00:57:51,희수...너모조앙 ㅠ,False
15977145,48530,독고 리와인드 28화,김광현,7,0,2018-02-15 15:44:30,와 류희수가 종일이한테 졌었구나.. ,False
16598709,48530,독고 리와인드 28화,-k,1,0,2018-08-08 10:08:12,종화형님 보고싶네,False
16086072,48530,독고 리와인드 28화,모진뇨자,0,0,2018-03-22 05:11:54,"최고의 웹툰, 추천합니다.",False
16178397,48531,독고 리와인드 29화,신원,14,0,2018-04-07 12:35:38,뭐가 어떻게 돌아가는 거냐? 애들이 다 똑같이 생겨서 뭐가 뭔지 모르겟당.,True
16833665,48531,독고 리와인드 29화,푸하하,5,0,2018-10-13 21:17:21,너클끼고 잘난체하는건 뭐냐 ㅋ,False
16604455,48531,독고 리와인드 29화,변화의바람,1,0,2018-08-10 00:28:12,진짜 독고고 리와인드고 통이고 간에 매번 애들이 다 똑같이 생겨서 죽겠다.지난번에도 중도포기했었는데 이번에도 그래야겠다.종일이랑 강후 강혁 딱 세명 알겠네 제기랄.,False
18488737,48531,독고 리와인드 29화,최재환,0,0,2019-11-20 15:16:30,너클끼고 폼 잡네 ㅋㅋㅋ 칼쓰는 시대에 총 잡고 와서 내가 제일 잘 싸운다 드립치면서 허세떠는 거랑 뭐가 다름... 지 능력이 아니라 그냥 템빨...,False
16086075,48531,독고 리와인드 29화,모진뇨자,0,1,2018-03-22 05:15:06,"최고의 웹툰, 추천합니다.",False
17327109,48532,독고 리와인드 30화,후훗-_-a,3,0,2019-02-08 21:11:52,남들 맨주먹으로 칠때 너클 끼고 이겨놓고 의기양양한것보소,False
16182905,48532,독고 리와인드 30화,신원,2,0,2018-04-09 06:30:20,도대체 갑작스런 전개 이해가 안되네.,False
16838721,48532,독고 리와인드 30화,푸하하,0,0,2018-10-15 08:48:50,잼나게 잘 보고 있습니다.^^,False
16192487,48533,독고 리와인드 31화,중리동재화,3,0,2018-04-12 20:38:01,칼퇴 하고싶습니다,False
16842265,48533,독고 리와인드 31화,푸하하,1,1,2018-10-16 13:24:37,아.. 종일이.. 멋진 종일이~,False
16413675,48534,독고 리와인드 32화,박영미,2,0,2018-06-17 11:47:18,역시 클라스가 다른건가,False
19215116,48534,독고 리와인드 32화,닉네임을 등록해 주세요,1,0,2020-04-25 11:39:30,시작해볼까? 자..잠깐 ,False
16186517,48534,독고 리와인드 32화,호세,1,0,2018-04-10 15:03:55,점점빠져든다,False
16102543,48534,독고 리와인드 32화,samson,1,0,2018-03-28 11:14:08,다시봐도 재미지다는,False
15977162,48535,독고 리와인드 33화,김광현,13,0,2018-02-15 15:53:03,명대사 나왔다,True
15983882,48535,독고 리와인드 33화,이카루시아,8,0,2018-02-18 02:17:14,이 대사 너무 좋음,False
17358755,48535,독고 리와인드 33화,길 떠난 나그네,3,0,2019-02-18 09:30:41,"&quot;지금부터 계속 때릴테니 애들 어떻게 했는지 말할 생각 들면 이야기해라&quot; 멋저부러!!!
",False
19832754,48535,독고 리와인드 33화,이야호,0,0,2020-09-11 12:09:49,쫄았네 저색ㅋㅋ,False
18676635,48535,독고 리와인드 33화,제임스,0,0,2020-01-05 20:17:44,이틀 동안 계속 쳐 맞겠군 ㅉㅉ 이래서 양아X들은 뇌가 모자라,False
16852560,48535,독고 리와인드 33화,푸하하,0,0,2018-10-19 10:26:16,잘보고 있습니다. 감사합니다.,False
16414427,48535,독고 리와인드 33화,이호진,0,0,2018-06-17 17:42:53,뚜까맞겠군,False
16202687,48535,독고 리와인드 33화,중리동재화,0,0,2018-04-16 14:19:43,"최고의 웹툰, 추천합니다.",False
16205820,48536,독고 리와인드 34화,중리동재화,1,0,2018-04-17 18:22:07,새퀴~,False
17362514,48536,독고 리와인드 34화,길 떠난 나그네,0,0,2019-02-19 13:17:44,마지막 표정이 그 다음을 얘기해 주는군!!!,False
15977166,48536,독고 리와인드 34화,김광현,0,0,2018-02-15 15:54:58,혁이가 처음 맞은 날,False
15977173,48538,독고 리와인드 35화,김광현,1,0,2018-02-15 15:58:19,조강훈 이 쓰레기,False
16208553,48538,독고 리와인드 35화,중리동재화,0,0,2018-04-18 19:13:26,새퀴..,False
16037231,48539,독고 리와인드 36화,스테고로진세이,8,0,2018-03-06 01:24:36,"아무리 위에서 시켜도 그렇지 개새끼네 
그리고 약하다고 당하지말고 죽일각오로 칼로 찔러버려 내가 죽는거보다 괴롭힌새끼한테 복수하는게 나으니까",False
16166559,48540,독고 리와인드 37화,samson,6,0,2018-04-03 11:21:55,펜은 칼보다 강하다,False
15977181,48541,독고 리와인드 38화,김광현,6,0,2018-02-15 16:05:30,갓종일,False
17410441,48541,독고 리와인드 38화,길 떠난 나그네,3,0,2019-02-28 14:03:01,"멋진놈!
",False
15977188,48542,독고 리와인드 39화,김광현,3,0,2018-02-15 16:08:08,개쓰레기의 등장,False
17004008,48543,독고 리와인드 40화,gongle2,1,0,2018-12-03 09:29:18,아니 고딩이 술마셔 아무러치 않게ㅋ,False
16824013,48543,독고 리와인드 40화,천교성환타,0,0,2018-10-10 21:17:52,1등,False
16602897,48581,독고 리와인드 41화,-k,1,0,2018-08-09 13:23:26,크,False
15977224,48581,독고 리와인드 41화,김광현,1,0,2018-02-15 16:24:06,박돼지 나왔네,False
16576590,48582,독고 리와인드 42화,이다니엘,0,0,2018-08-02 00:53:40,허허~참,False
16655307,48583,독고 리와인드 43화,강승현,0,0,2018-08-24 11:16:07,잠온다 형들,False
16026041,48584,독고 리와인드 44화,세이히메,2,0,2018-03-02 03:03:08,드디어 삼인방이 모였당,False
16437653,48584,독고 리와인드 44화,이호진,0,0,2018-06-24 00:04:15,굿굿,False
16023776,48584,독고 리와인드 44화,천년후에,0,0,2018-03-01 15:59:19,캬~^독고 삼인방 드뎌 모였다,False
15977261,48585,독고 리와인드 45화,김광현,2,0,2018-02-15 16:42:36,강태일 친구가 되다,False
16176982,48585,독고 리와인드 45화,출동재롱이,1,0,2018-04-07 00:26:31,아 장르가 학원액션 코미디. ㅋㅋㅋ,False
16064759,48585,독고 리와인드 45화,솔개,0,0,2018-03-14 14:35:27,웃겨 ㅋㅋㅋ 싸우는게 이렇게 귀엽다니,False
15974529,48585,독고 리와인드 45화,젤리곰,0,0,2018-02-14 20:58:23,셋 하고 놓는사람이 지는법이지,False
16843215,48586,독고 리와인드 46화,천교성환타,0,0,2018-10-16 22:13:45,1등~ 꿀잼!,False
19356505,48587,독고 리와인드 47화,닉네임을 등록해 주세요,0,0,2020-05-24 04:07:44,파마머리 말만 많아서 언젠가 줘터질지알았어,False
16264983,48587,독고 리와인드 47화,중리동재화,0,0,2018-05-07 06:06:00,x됏다..,False
15983937,48588,독고 리와인드 48화,이카루시아,2,0,2018-02-18 02:38:51,혁이 지능캐였구만 원래,False
16856436,48589,독고 리와인드 49화,천교성환타,0,0,2018-10-20 15:39:23,꿀잼~ 1등!,False
18307826,48590,독고 리와인드 50화,란테르트,0,0,2019-09-29 14:55:54,있네,False
16617527,48590,독고 리와인드 50화,꽃미남웅이,0,0,2018-08-13 16:31:54,있당,False
16328627,48590,독고 리와인드 50화,신호연,0,0,2018-05-24 10:30:34,댓글없다,False
18342248,48591,독고 리와인드 51화,Ronaldinho,0,0,2019-10-09 00:12:43,"복수냐? 
정의다.
갑분싸....ㅋㅋㅋㅋㅋㅋ",False
15977290,48591,독고 리와인드 51화,김광현,0,0,2018-02-15 16:59:13,김보영 등장,False
16458880,48592,독고 리와인드 52화,성현,0,0,2018-06-29 14:53:32,"작가님, 정말 재밌어요!",False
18167647,48593,독고 리와인드 53화,신경민,0,0,2019-08-21 15:42:49,대글 19.08.21,False
16822250,48593,독고 리와인드 53화,숨박이,0,0,2018-10-10 02:50:52,댓글 18.10.10,False
16311529,48594,독고 리와인드 54화,중리동재화,2,0,2018-05-19 13:55:05,니도,False
16206861,48594,독고 리와인드 54화,어른서나,1,0,2018-04-18 00:50:42,오늘을 네 인생에서 지우고 싶을거다..,False
20446547,48594,독고 리와인드 54화,Haru,0,0,2021-02-06 04:50:31,오글거리는 말을 잘도 내뱉내 양아치들은 ㅋㅋㅋㅋㅋ,False
18170948,48594,독고 리와인드 54화,신경민,0,0,2019-08-22 20:11:38,니도,False
17126921,48594,독고 리와인드 54화,바르셀로나,0,0,2019-01-10 22:21:27,니도,False
19437906,48595,독고 리와인드 55화,닉네임을 등록해 주세요,0,0,2020-06-11 19:59:19,와 대단한 여인이다 남자로 태어났으면 보스 감이네,False
18174896,48595,독고 리와인드 55화,신경민,0,0,2019-08-23 15:33:42,로또되고싶다ㄱ,False
16750358,48595,독고 리와인드 55화,로또100억당첨자임,0,0,2018-09-17 20:13:30, 우선 자빠.. ,False
16880570,48596,독고 리와인드 56화,천교성환타,0,0,2018-10-27 10:12:12,댓글 어딨어?!,False
16247436,48597,독고 리와인드 57화,해오라비,0,0,2018-05-01 13:07:41,"윽  내돈!!!!!~,~",False
16330399,48598,독고 리와인드 58화,중리동재화,0,0,2018-05-24 20:16:03,"작가님, 정말 재밌어요!",False
16271080,48599,독고 리와인드 59화,배장윤,0,0,2018-05-09 01:51:07,존잼,False
16065851,48600,독고 리와인드 60화,stranger,1,0,2018-03-15 00:31:10,귀염둥이 환이 욱이,False
16898286,48601,독고 리와인드 61화,천교성환타,0,0,2018-11-01 15:06:26,재밌는데 댓글이 없네,False
16024168,48602,독고 리와인드 62화,뢰,0,1,2018-03-01 19:25:52,슥 삭 쇽 ~,False
16903040,48603,독고 리와인드 63화,천교성환타,0,0,2018-11-03 11:00:05,1등~,False
20446562,48604,독고 리와인드 64화,Haru,0,0,2021-02-06 05:06:55,아...조호림 피곤해 ,False
16910428,48604,독고 리와인드 64화,천교성환타,0,0,2018-11-05 21:04:50,데이트신청,False
16865572,48604,독고 리와인드 64화,Hagfish,0,0,2018-10-23 13:41:03,어 바빠,False
20311369,48605,독고 리와인드 65화,메돌이,0,0,2021-01-02 02:49:17,태진이 호림이 만난건 악연이야....뭐 저때는 몰랐겠지만....,False
16688627,48606,독고 리와인드 66화,꽃미남웅이,0,0,2018-09-02 12:51:15,찔러,False
17014027,48607,독고 리와인드 67화,랑떼르디,0,0,2018-12-05 20:19:02,김보영이 태진이한테 빚진게 있네ㅋ,False
16919434,48607,독고 리와인드 67화,천교성환타,0,0,2018-11-08 12:01:01,이렇게 표태진이 ㅠ,False
16383615,48608,독고 리와인드 68화,박상권,1,0,2018-06-08 09:59:06,너랑같은옷 ㅋㅋㅋ,False
16290266,48609,독고 리와인드 69화,어른서나,1,0,2018-05-13 17:18:50,입으로 싸우네,False
16865664,48609,독고 리와인드 69화,Hagfish,0,0,2018-10-23 14:21:09,ㅋㅋㅋㅋㅋㅋㅋㅋ,False
16383621,48609,독고 리와인드 69화,박상권,0,0,2018-06-08 10:01:18,ㅋㅋㅋㅋㅋㅋㅋㅋㅋㅋㅋ,False
16083915,48609,독고 리와인드 69화,파마하면푸들,0,0,2018-03-21 09:23:28,어이쿠. 깜딱이야.,False
16372807,48614,독고 리와인드 70화,하하하,0,0,2018-06-05 08:43:52,대건아 빨리 결제해 ㅋㅋ,False
18090149,48615,독고 리와인드 71화,성현,0,0,2019-07-30 03:01:13,화이팅 입니다,False
17502000,48616,독고 리와인드 72화,바르셀로나,0,0,2019-03-04 21:33:55,모래판이아닌 복도 시멘트 바닥에 쳐박으면 실제론 뇌진탕임,False
16307143,48616,독고 리와인드 72화,서수연,0,0,2018-05-18 09:59:29,복근에 눈이 가요 눈이가 자꿐,False
17366324,48619,독고 리와인드 73화,아슈마르,0,0,2019-02-20 18:49:24,😃,False
16026218,48620,독고 리와인드 74화,세이히메,2,0,2018-03-02 04:26:11,악랄한 새기,False
19024750,48620,독고 리와인드 74화,제임스,0,0,2020-03-20 23:29:15,"역시 양아x 들은 어쩔 수 없이 행동 하나 하나가 다 찌질허냐.. 
씨름부형님한테 멱살 잡힌때 겁나 비굴해 보인다 ㅉㅉ",False
17122987,48620,독고 리와인드 74화,하늘이동생,0,0,2019-01-09 20:01:25,쌔게 딱밤 한대만 때이고싶다 아오,False
16722809,48620,독고 리와인드 74화,단호박퐁듀,0,0,2018-09-11 10:18:43,개새끼 씨름부 건드리지 마라.. 저 선배 착한거 같은데 잘 못되기만 해봐라.. ㅂㄷ,False
15984004,48621,독고 리와인드 75화,이카루시아,10,0,2018-02-18 03:15:12,좋은선배다,False
16691571,48621,독고 리와인드 75화,이정열,4,0,2018-09-03 14:01:25,왜이렇게 멋있어,False
16383651,48621,독고 리와인드 75화,박상권,3,0,2018-06-08 10:17:36,이게선배지,False
20446631,48621,독고 리와인드 75화,Haru,1,0,2021-02-06 06:56:00,다 좋은데 표태진 좋다고 덕질하는 그 발암여고생은 나타나지 마라,False
17122990,48621,독고 리와인드 75화,하늘이동생,1,0,2019-01-09 20:04:00,따봉,False
16865697,48621,독고 리와인드 75화,Hagfish,1,0,2018-10-23 14:36:42,의리,False
16603022,48621,독고 리와인드 75화,-k,1,0,2018-08-09 14:22:47,멋지다,False
19527365,48621,독고 리와인드 75화,클레오파트라,0,0,2020-07-03 17:12:55,인생을 씨름에 다 박았을텐데 불쌍네,False
19040178,48621,독고 리와인드 75화,제임스,0,0,2020-03-23 12:49:54,일진 = 양아치,False
20446633,48634,독고 리와인드 76화,Haru,0,0,2021-02-06 06:57:29,비열한게 잘난거라고 착각하는 양아치 클라스,False
16396391,48637,독고 리와인드 77화,blue  fox,0,0,2018-06-12 19:25:03,야비한 놈들~~~,False
15977492,48639,독고 리와인드 78화,홍석주,0,0,2018-02-15 19:33:58,"미리보기 결제했는데 77화하고 중복되었네요...
수정해주세요",False
15977409,48639,독고 리와인드 78화,김광현,0,0,2018-02-15 18:25:57,"뭐야 왜 77,78이 똑같애",False
15974878,48639,독고 리와인드 78화,젤리곰,0,0,2018-02-14 23:37:30,같은편이 무려 두개! 덕분에 200원 도둑했네 다음웹툰,False
18189202,48644,독고 리와인드 81화,soboo,0,0,2019-08-28 01:32:14,너클끼면 누구나 타격치 올라간다 너클킨 영하 서열 2위는 설정 미스,False
20446637,48647,독고 리와인드 82화,Haru,0,0,2021-02-06 07:08:13,하아....진짜 싫다 덕질녀,False
17355512,48647,독고 리와인드 82화,-,0,0,2019-02-17 12:43:11,으흑...ㅠㅠ,False
16066374,48650,독고 리와인드 83화,stranger,3,0,2018-03-15 03:38:57,성규만은 찢어죽이자,False
16064929,48650,독고 리와인드 83화,솔개,2,0,2018-03-14 16:36:49,쫄라 치사한놈,False
16026243,48650,독고 리와인드 83화,세이히메,1,0,2018-03-02 04:41:48,저 나쁜... 에이씨,False
20446638,48650,독고 리와인드 83화,Haru,0,0,2021-02-06 07:09:52,아...진짜 쓰레기 색킈 ,False
16066377,48652,독고 리와인드 84화,stranger,5,0,2018-03-15 03:45:32,"성규는 맞아 죽는걸로
제발",False
16813256,48652,독고 리와인드 84화,제비,1,0,2018-10-07 01:21:16,짠하네 ㅠㅠ ,False
18023042,48654,독고 리와인드 85화,소원가온맘,0,0,2019-07-08 14:56:29,용기..!! 멋지다 독고!!,False
19143794,48656,독고 리와인드 86화,제임스,0,0,2020-04-11 11:04:06,"독고 열받았다.
쓰레기 양아치들 발릴준비!",False
17823001,48656,독고 리와인드 86화,길 떠난 나그네,0,0,2019-05-17 10:27:42,"할만하겠네! 정의파 다 뭉쳐지네..
",False
