,title,no,ID,nick,content,date,like,dislike
0,"안녕, 나는 너를 좋아해",7,(haak****),미니고미,도원이는 좋아하는 사람에 대해 알고 싶은 어린 마음...,2021-02-18 00:09,0,0
1,"안녕, 나는 너를 좋아해",7,(bana****),바냐냐,"둘다너무아쉽고 서투르네ㅠㅠ,,,",2021-02-18 00:09,0,0
2,"안녕, 나는 너를 좋아해",7,(rmff****),치,되게 조심스럽게 얘기했는데 왜 이렇게 말 띠겁게 말해;;,2021-02-18 00:09,0,0
3,"안녕, 나는 너를 좋아해",7,(park****),수민,아니 뭐 안갈래 하고 들어올 때 선호가 진심으로 싫었으면 막아서서 가라고 정색했겠지... 그래도 사귀는 사이니까 괜찮다 생각해서 다시 들어오는 거 안 막은 거 아닌가??,2021-02-18 00:09,0,0
4,"안녕, 나는 너를 좋아해",7,(lees****),이수민,고집 ㅈㄴ부리네. 좋아한단 마음으로 정당화하는거 겁나 싫은데,2021-02-18 00:09,0,0
5,"안녕, 나는 너를 좋아해",7,(gung****),익명,아무리 연인이라도 서운해도 저런 얘기 듣는건 좀 비호네 저런걸로 정떨어지는 일 진짜 많음 말하려고 하면 가슴 벌렁거리고 목소리 안나올 정도일텐데 그걸 억지로 들으려고 하니..,2021-02-18 00:09,0,0
6,"안녕, 나는 너를 좋아해",7,(yuna****),도마아아,말하기 싫다는데 남의 가정사 꾸역꾸역 듣겠다는 애나 뭐 욕한 것도 아니고 잘 몰라서 조심스럽게 건네본 말 한마디갖고 주제넘는다고 화내는 애나...선호는 어쨌든 가정사니까 그럴 수 있다고 쳐도 도원이는 진짜 아니다,2021-02-18 00:09,0,0
7,"안녕, 나는 너를 좋아해",7,(ymra****),비공개,"말풍선 말을 더 매끄럽게 쓰면 좋을 것 같아요 ""안 된다기 / 보다..."" 이렇게 말고 ""안 된다기 보다..."" 라고 바로 쓰는 것 처럼요 저도 모르게 쉬며 읽게 되네요",2021-02-18 00:09,0,0
8,"안녕, 나는 너를 좋아해",7,(jyw9****),조연우,태림이 딱 봐도 여자인거 알 것 같은데 병원 갔을때도 처방전에 여에 동그라미 쳐져 있었는데 ㅋㅋㅋㅋㅋ,2021-02-18 00:09,0,0
9,"안녕, 나는 너를 좋아해",7,(kgwb****),루이닐,아앗...,2021-02-18 00:09,0,0
10,"안녕, 나는 너를 좋아해",7,(jenn****),김제니사랑해,아 근데 좀 아쉽다 은혜는 어머니가 곧 수술하셔야 해서 그 전에 만나면 안되냐는 거였는데 태림이는 그 얘길 안 해갖고..........,2021-02-18 00:09,0,0
11,"안녕, 나는 너를 좋아해",7,(dpfl****),딤,너무 재밌어요 ㅠㅠ 이런 웹툰 늘어나면 좋겠습니다,2021-02-18 00:09,0,0
12,"안녕, 나는 너를 좋아해",7,(art8****),art,"여자 남자가... 왜 헷갈려요..?? 이해 안가네 ㅋㅋㅋ 그냥 님 지능이 떨어지는거예요... 딱 봐도 누가 여자고 남잔지는 보이는데 그럼 헷갈리지 않게 뭘 해드려야 할까요? ㅋㅋ 뭐 긴 머리? 치마? 이런거 입혀야 보이시나? 그리고 지금 시점에서 여자 남자 구분 별로 중요하진 않아 보이는데... 진지한 내용에서 ""여자 남자 헷갈린다."" 눈치 좀 챙기세요",2021-02-18 00:09,0,0
13,"안녕, 나는 너를 좋아해",7,(wonh****),won,"남자 2명에서 키스를 ? 왜 ,, 보이러븐가 ,,?",2021-02-18 00:09,0,0
14,"안녕, 나는 너를 좋아해",7,(bmj9****),김만이,불꽃남매 사이에 껴서 태림이가 고생한다ㅠㅠㅜㅜ,2021-02-18 00:09,0,0
15,"안녕, 나는 너를 좋아해",7,(yoon****),윤지,그치.. 가볍게 얘기할 주제가 아닌데 부탁한 동생도 주인공도 좀... 동생도 친한줄 알고 부탁한거고 주인공도 부탁까지 받아서 어쩔 수 없었긴한데..ㅠㅠ 에휴ㅜ,2020-08-06 00:30,1,0
16,"안녕, 나는 너를 좋아해",7,(qazw****),qaz,그래서 태림이 성별은 뭔가요..몰라서 너무 답답해요,2020-08-06 00:30,1,0
17,"안녕, 나는 너를 좋아해",7,(sin0****),시안,물론 제 3자가 이야기하니까 짜증날 수 있겠지만 말을 굳이 저렇게 해야하나 싶고 …………,2020-08-06 00:30,1,0
18,"안녕, 나는 너를 좋아해",7,(0314****),대게,분위기 잔잔하고 좋아요,2020-08-06 00:30,1,0
19,"안녕, 나는 너를 좋아해",7,(kimw****),kimonlyone,태림이가 중간에 껴서 너무 난처할듯,2020-08-06 00:30,1,0
20,"안녕, 나는 너를 좋아해",7,(elle****),ellena,나 여자 남자 헷갈려!!!,2020-08-06 00:30,1,0
21,"안녕, 나는 너를 좋아해",7,(chee****),쪼까,완결 웹툰이에요...?,2020-08-06 00:30,1,0
22,"안녕, 나는 너를 좋아해",7,(happ****),괭이집사,"아직 받아들이기 힘든 웹툰이라고 생각 하는 분들이 많은 것 같아요. 아마 내용도 생소하고해서 점수가 낮은 것 같아요. 그래도 꾸준히 독자들이 와서 볼 내용들인 것 같아요, 색감, 내용 다 좋아요:)",2020-08-06 00:30,1,0
23,"안녕, 나는 너를 좋아해",7,(iamg****),지읒,선호도 너무하다 태림이는 말만 전했을 뿐인데 저렇게 차갑게 반응하냐,2020-08-06 00:30,1,0
24,"안녕, 나는 너를 좋아해",7,(yhy_****),현,주인공도 가운데 껴서 힘들겠다 가정사는 가능한 제3자 관여 안시키는게 서로서로 기분상할 일도 적고 제3자도 덜 불편할 듯 ㅜㅠ,2020-08-06 00:30,1,0
25,"안녕, 나는 너를 좋아해",7,(jjj0****),그냥 그렇다고,"아 난 임도원 왤케 별로냐 말하기 싫을 수 도 있는데 억지로 듣는다 하고,,",2020-08-06 00:30,1,0
26,"안녕, 나는 너를 좋아해",7,(daeu****),김다은,아무리 친구라도 가정사에 대해 말하는 건 힘들 텐데... 흠🤔🤔🤔 조금이라도 말실수를 하면 정말 큰일이 날 거에요...,2020-08-06 00:30,1,0
27,"안녕, 나는 너를 좋아해",7,(sooh****),,애인으로선 상처 받지이ㅠㅠㅠ,2020-08-06 00:30,1,0
28,"안녕, 나는 너를 좋아해",7,(odss****),999999,머임?,2020-08-06 00:30,1,0
29,"안녕, 나는 너를 좋아해",7,(jelg****),jel,왜 그러냐ㅠㅠㅠ,2020-08-06 00:30,1,0
30,"안녕, 나는 너를 좋아해",7,(dews****),,머임?,2020-07-28 18:07,1,2
31,"안녕, 나는 너를 좋아해",7,(lj24****),해냈다,잘보고갑니다,2020-07-28 18:07,1,2
32,"안녕, 나는 너를 좋아해",6,(park****),수민,자연스럽게 등장하는게 좋은 건 공감하는데 그에비해 너무 부자연스러운 반응인듯... 스토리 얘기는 없고 칭찬하면서 굳이 언급하는 느낌,2020-12-11 06:50,0,0
33,"안녕, 나는 너를 좋아해",6,(ad19****),할랄라라라,발코니에서 담배 피우지 맙시다!!,2020-12-11 06:50,0,0
34,"안녕, 나는 너를 좋아해",6,(cncc****),박은빈,고정관념을 깨는 건 좋지만 여자든 남자든 걍... 솔직히 담배 안했으면 함 어떻게든 남들한테 피해 가요,2020-12-11 06:50,0,0
35,"안녕, 나는 너를 좋아해",6,(shat****),낮달,숏컷 언니 참 좋은 분인데 담배는 밖에서 피시는게..베란다에서 피면 다른 집은 창문 열기 힘들어요. 담배 냄새는 본인 생각하는 것 보다 훨~씬 멀리갑니다.,2020-12-11 06:50,0,0
36,"안녕, 나는 너를 좋아해",6,(kgwb****),루이닐,가방만~?,2020-12-11 06:50,0,0
37,"안녕, 나는 너를 좋아해",6,(dndu****),타이거우드다12,ㅈ,2020-12-11 06:50,0,0
38,"안녕, 나는 너를 좋아해",6,(yoon****),윤지,아 분위기 너무 포근하고 좋다 내용도 흥미로워서 재밌음,2020-12-11 06:50,0,0
39,"안녕, 나는 너를 좋아해",6,(orth****),스마일스,"..제가 숏컷여자인데요..주위에서 제가생김세도남자처럼생기고 바지만입고 검은색옷을 좋아하고 또목소리도 낮은 톤이라서 화장실갈때도 오해받고,선생님께도 오해받고(학원에계신원어민선생님께 수업을 받는데 직원분들빼곤 성별을알려주지않습니다.)심지어 친구들한테도오해를 받았거든요..근데 여기에서 숏컷여성이 자연스럽게 등장하는게 진짜좋은것같아요",2020-12-11 06:50,0,0
40,"안녕, 나는 너를 좋아해",6,(wlgu****),닻볕,재밌어요!!,2020-12-11 06:50,0,0
41,"안녕, 나는 너를 좋아해",6,(vamp****),끼에에에에에엑,아니 진짜 보면서 고정관념 깨져서 움찔움찔하는 웹툰인데 아 너무 좋다고 이런거ㅠㅜㅠ,2020-12-11 06:50,0,0
42,"안녕, 나는 너를 좋아해",6,(happ****),괭이집사,이런 웹툰 찾아보기 힘든데 네이버에서 만나게 되네,2020-12-11 06:50,0,0
43,"안녕, 나는 너를 좋아해",6,(my36****),명랑한 도토리,이거 언제 연재했었는지요?,2020-12-11 06:50,0,0
44,"안녕, 나는 너를 좋아해",6,(jhbe****),응응,재밌다 😊,2020-12-11 06:50,0,0
45,"안녕, 나는 너를 좋아해",6,(daeu****),김다은,앞으로의 이야기가 점점 궁금해져요><,2020-12-11 06:50,0,0
46,"안녕, 나는 너를 좋아해",6,(sooh****),,다들 쉬쉬하던 주제를 당연하다는 듯이 담담하게 드러내는게 너무 좋아욯ㅎㅎㅎ,2020-12-11 06:50,0,0
47,"안녕, 나는 너를 좋아해",6,(park****),연,"숏컷 여성, 담배피는 여성, 게이, 이혼가정이 모두 자연스럽게 등장하는게 넘 조음.",2020-07-28 22:27,307,4
48,"안녕, 나는 너를 좋아해",6,(park****),연,잼따잼따,2020-07-28 22:27,307,4
49,"안녕, 나는 너를 좋아해",6,(dash****),,시대의 흐름에 맞는 내용,2020-07-28 22:27,307,4
50,"안녕, 나는 너를 좋아해",6,(odss****),999999,할말 엄청많지..ㅋㅋㅋ,2020-07-28 22:27,307,4
51,"안녕, 나는 너를 좋아해",6,(xoxm****),똔또,넘재밌다..,2020-07-28 22:27,307,4
52,"안녕, 나는 너를 좋아해",5,(pado****),Gmm,걍 성별 구별하지 않기로 함,2020-12-22 18:32,0,0
53,"안녕, 나는 너를 좋아해",5,(leeh****),이개외않되,만화는 목소리를 모르니깐 성별이 헷갈리네,2020-12-22 18:32,0,0
54,"안녕, 나는 너를 좋아해",5,(c_eu****),퐁실,정말 좋은 웹툰 같다,2020-12-22 18:32,0,0
55,"안녕, 나는 너를 좋아해",5,(dlth****),소정,남자라고 생각한 내가 너무 한심하다,2020-12-22 18:32,0,0
56,"안녕, 나는 너를 좋아해",5,(jyw9****),조연우,"""남자처럼"" 그려놓고 는 대체 뭔 말이냐...ㄹㅇ 편견덩어리네",2020-12-22 18:32,0,0
57,"안녕, 나는 너를 좋아해",5,(kgwb****),루이닐,남자인 줄;;,2020-12-22 18:32,0,0
58,"안녕, 나는 너를 좋아해",5,(mun6****),mun,어모 남자였다니,2020-12-22 18:32,0,0
59,"안녕, 나는 너를 좋아해",5,(kims****),LuTop,남자처럼 그려놓고 뭔 ㅋㅋ,2020-12-22 18:32,0,0
60,"안녕, 나는 너를 좋아해",5,(minj****),디디,나도 숏컷이면서 무심코 남자라고 생각했네ㅋㅋㅋㅋ 반성해유...,2020-12-22 18:32,0,0
61,"안녕, 나는 너를 좋아해",5,(bmj9****),김만이,이렇게 따뜻한 만화가 있다니..,2020-12-22 18:32,0,0
62,"안녕, 나는 너를 좋아해",5,(yoon****),윤지,선뜻 들어오라고 해주셔서 놀랐다ㅋㅋㅋ 현실에서는 그러면 안되지만 만화라서 걍 맘 놓고봄,2020-12-22 18:32,0,0
63,"안녕, 나는 너를 좋아해",5,(sin0****),시안,편견 바로바로 깨주는 웹툰,2020-12-22 18:32,0,0
64,"안녕, 나는 너를 좋아해",5,(osaj****),Wsed,만화는 만화일뿐 실제로 갈곳도 없는데 모르는 사람집에 따라가면 절대 안됩니다.,2020-12-22 18:32,0,0
65,"안녕, 나는 너를 좋아해",5,(0314****),대게,분위기 너무 좋아요~,2020-12-22 18:32,0,0
66,"안녕, 나는 너를 좋아해",5,(wlgu****),닻볕,재밌어요!!,2020-12-22 18:32,0,0
67,"안녕, 나는 너를 좋아해",5,(choe****),좀비,누나였어?!?!,2020-08-02 08:21,0,0
68,"안녕, 나는 너를 좋아해",5,(nowh****),위,"이런 고정관념을 깨는 캐릭터가 너무 좋더라 ㅠ대범해 보이는데 실은 소심하고, 당연히 남잔줄 알았는데 여자고.. 이런 캐릭터들. 나도 모르게 품고 있던 편견이 따끔하게 느껴짐",2020-08-02 08:21,0,0
69,"안녕, 나는 너를 좋아해",5,(daeu****),김다은,차가운 계단에서 자다가 감기라도 걸리면 안 되는데...,2020-08-02 08:21,0,0
70,"안녕, 나는 너를 좋아해",5,(sooh****),,색채가 너무 이뻐요!!!!,2020-08-02 08:21,0,0
71,"안녕, 나는 너를 좋아해",5,(odss****),999999,헐 아줌마였네,2020-08-02 08:21,0,0
72,"안녕, 나는 너를 좋아해",5,(jelg****),jel,어디로 건거야 자기 폰으로 걸었나?,2020-08-02 08:21,0,0
73,"안녕, 나는 너를 좋아해",4,(cncc****),박은빈,그와중에 괴롭힘 당한 애도 속상할텐데 새로 생긴 엄마도 진짜 엄마라고 정말 예쁘게 말해서 너무 울컥함ㅠ ㅠ,2020-10-23 00:26,4,0
74,"안녕, 나는 너를 좋아해",4,(lee_****),소소,인물 감정선 따라가는 거 너무 좋다,2020-10-23 00:26,4,0
75,"안녕, 나는 너를 좋아해",4,(kgwb****),루이닐,에구....,2020-10-23 00:26,4,0
76,"안녕, 나는 너를 좋아해",4,(emil****),하영,진짜 나쁜 아이들.. 부모님이 가르친걸까 뭘까,2020-10-23 00:26,4,0
77,"안녕, 나는 너를 좋아해",4,(bmj9****),김만이,ㅠㅠㅠㅠㅠㅠㅠㅠㅠ,2020-10-23 00:26,4,0
78,"안녕, 나는 너를 좋아해",4,(hnk8****),zhaheh,오늘부터 친해질거야! 개귀엽네,2020-10-23 00:26,4,0
79,"안녕, 나는 너를 좋아해",4,(kimw****),kimonlyone,애들이 하는 말이 더 잔인할 때가 있지 ㅜ,2020-10-23 00:26,4,0
80,"안녕, 나는 너를 좋아해",4,(wlgu****),닻볕,슬퍼요... 가정환경이 마음의 상처가 됐네요,2020-10-23 00:26,4,0
81,"안녕, 나는 너를 좋아해",4,(babs****),누니,"아무것도 안 해서 스트레스라는 거, 평범하니까 독감조차 안 걸린다는 생각,종종 했던 생각이라 공감되네요....",2020-10-23 00:26,4,0
82,"안녕, 나는 너를 좋아해",4,(jhbe****),응응,ㄹㅇ 안타깝다 .. 나쁜것도 아닌데,2020-10-23 00:26,4,0
83,"안녕, 나는 너를 좋아해",4,(ghki****),김가현,별점 주면 바로 올라가는 거 신기하다 ㅋㅋ,2020-10-23 00:26,4,0
84,"안녕, 나는 너를 좋아해",4,(doal****),고양이 좋아,요즘 패드립 많이 쓰던데... 그런말 안 썼으면 좋겠네요,2020-10-23 00:26,4,0
85,"안녕, 나는 너를 좋아해",4,(daeu****),김다은,마음이 아프네요...😢😢😢 그런데 실제로 저런 아이들이 있다는 게...,2020-10-23 00:26,4,0
86,"안녕, 나는 너를 좋아해",4,(dash****),,사실적이다,2020-10-23 00:26,4,0
87,"안녕, 나는 너를 좋아해",4,(odss****),999999,애들 왤케 사나워..,2020-10-23 00:26,4,0
88,"안녕, 나는 너를 좋아해",3,(haak****),미니고미,추천받고 보러 와써요 기대만땅,2021-02-18 00:03,0,0
89,"안녕, 나는 너를 좋아해",3,(audt****),고별다,하.. 너무 재밌다 엉엉,2021-02-18 00:03,0,0
90,"안녕, 나는 너를 좋아해",3,(pado****),Gmm,일단 선호가 여자...?,2021-02-18 00:03,0,0
91,"안녕, 나는 너를 좋아해",3,(ad19****),할랄라라라,저여자애 진짜 지멋대로네,2021-02-18 00:03,0,0
92,"안녕, 나는 너를 좋아해",3,(love****),sy,그림체 진짜 예뻐요ㅠㅠㅜㅠㅠ,2021-02-18 00:03,0,0
93,"안녕, 나는 너를 좋아해",3,(db_8****),대감,이런 장르 만화는 좋아하지만 gl bl 태그나 카테고리는 없었으면 좋겠음. 다른 플랫폼화 되는 것 같고 카테고리 만들만한 충분한 웹툰도 있는 것도 아니고. 그냥 뭔가 만들어지면 오히려 그 단어를 접할 횟수가 많을텐데 좀 아이러니함.. 만화는 좋지만 현실 게이들은 개극혐이라 이것도 어느정도 모순이긴 한데 아예 생긴다면 좀 거북함,2021-02-18 00:03,0,0
94,"안녕, 나는 너를 좋아해",3,(jung****),돌돌이,태영(kty6****)< 니가 더 역겨워요 우욱우우욱!!,2021-02-18 00:03,0,0
95,"안녕, 나는 너를 좋아해",3,(plus****),,정신없을만 했다ㅋㅋㅋㅋ,2021-02-18 00:03,0,0
96,"안녕, 나는 너를 좋아해",3,(kgwb****),루이닐,그러게~,2021-02-18 00:03,0,0
97,"안녕, 나는 너를 좋아해",3,(art8****),art,아대박이다진짜쥐엘비엘짭만가득먹고울고있었는데찐이라구요???????작가님너무사랑해요그림체도너무이쁘세요진짜로....별점10점씩꼬박꼬박드리고있어요그림체가마치잔잔한여름바다에이슬비가내리는것같으셔서너무좋아요분위기도잘잡으시고응원하겠습니다!!!사랑해요!!!❤❤,2021-02-18 00:03,0,0
98,"안녕, 나는 너를 좋아해",3,(sooc****),캐릭터,gl bl 제발 웹툰 제목에 카테고리좀 달았으면 좋겠다,2021-02-18 00:03,0,0
99,"안녕, 나는 너를 좋아해",3,(bmj9****),김만이,ㅠㅠ주인공의 상대방을 배려하는 섬세한 마음이 너무 따뜻함,2021-02-18 00:03,0,0
100,"안녕, 나는 너를 좋아해",3,(yoon****),윤지,중간에 갑자기와서 뺨 때려서 전여친인줄 알았는데 동생이었네ㅋㅋㅋ 하긴 너무 닮았다 아 그리고 그림체 너무 포근하고 좋음ㅠ,2021-02-18 00:03,0,0
101,"안녕, 나는 너를 좋아해",3,(sin0****),시안,작가님ㅠㅠㅠ잔잔하고 섬세한 감정표현 ㅠ ~재밌어요ㅠ !!!!!,2021-02-18 00:03,0,0
102,"안녕, 나는 너를 좋아해",3,(wlgu****),닻볕,재밌어요! 그림체도 제 취향,2021-02-18 00:03,0,0
103,"안녕, 나는 너를 좋아해",3,(sebc****),seb,귀엽다,2020-08-01 23:34,2,0
104,"안녕, 나는 너를 좋아해",3,(vamp****),끼에에에에에엑,ㄴ네네네네ㅔ????!!???? 지엘이랑 비엘ㄹ이라구오????????????? ㅇ왁씨 사랑해요ㅠㅜㅜㅠ아ㅏ아아ㅏ익규ㅜㅠㅠ,2020-08-01 23:34,2,0
105,"안녕, 나는 너를 좋아해",3,(hyor****),이효림,댓글중에 게이는 역겨워요 우욱우욱 ㅇㅈㄹ ㅋㅋㅋ니가 더 역겨워,2020-08-01 23:34,2,0
106,"안녕, 나는 너를 좋아해",3,(hyor****),이효림,목적을 까먹었어ㅋㄱㅋㅋㄱㅋㄱㅋㅋㄱㅋ,2020-08-01 23:34,2,0
107,"안녕, 나는 너를 좋아해",3,(tost****),orangeblack,맨 처음에 나오는 일러에서 갈색머리 여자가 선호 동생이었구나 난 왜 선호가 여장한 거라고 생각했지ㅠㅠ,2020-08-01 23:34,2,0
108,"안녕, 나는 너를 좋아해",3,(apap****),지호,재미있는데 댓글이 많이 없어서 아쉽네욤ㅠ,2020-08-01 23:34,2,0
109,"안녕, 나는 너를 좋아해",3,(lsra****),랑자랑,이 재밌는 웹툰에 댓글에 자꾸 사랑얘기밖에없네영 핵심파악을 못하나....아근데 진짜 재밌어요 막..막그림체랑 몽글몽글한 분위기가ㅠㅠㅠ,2020-08-01 23:34,2,0
110,"안녕, 나는 너를 좋아해",3,(0009****),야호,GL이랑BL물인가?,2020-08-01 23:34,2,0
111,"안녕, 나는 너를 좋아해",3,(babs****),누니,잔잔한데 보게 되는 몰입감 있는 웹툰....,2020-08-01 23:34,2,0
112,"안녕, 나는 너를 좋아해",3,(kty6****),태영,게이는 역겨워요 우욱우우욱,2020-08-01 23:34,2,0
113,"안녕, 나는 너를 좋아해",3,(doal****),고양이 좋아,자기가 이혼가정이라고 안 말한 것 같은데.. 어쩌다보니 알게 되버렸네.. 내가 선호였으면 싫을것같다,2020-08-01 23:34,2,0
114,"안녕, 나는 너를 좋아해",3,(daeu****),김다은,헐!! 베댓이 2개 밖에 없다니!! 오 세상에!!,2020-08-01 23:34,2,0
115,"안녕, 나는 너를 좋아해",3,(sooh****),,담담해서 보기 좋아요ㅎㅎㅎㅎ,2020-08-01 23:34,2,0
116,"안녕, 나는 너를 좋아해",3,(odss****),999999,오우쉣 너므 재밌어 첫댓글은 내꺼야,2020-08-01 23:34,2,0
117,"안녕, 나는 너를 좋아해",2,(ds02****),우짤,헐 동성물이였네여,2일 전,0,0
118,"안녕, 나는 너를 좋아해",2,(hwee****),LAL NOP,2화만에 하차한다 시브랄,2일 전,0,0
119,"안녕, 나는 너를 좋아해",2,(audt****),고별다,미쳤나봐 쩔어 이걸 이제서야 보네 너무 재밌어요 작가님 대박,2일 전,0,0
120,"안녕, 나는 너를 좋아해",2,(raph****),duff,우다다다다다다 찰싹!,2일 전,0,0
121,"안녕, 나는 너를 좋아해",2,(godq****),파인애플,GL BL도 그냥 로맨스 맞는데요,2일 전,0,0
122,"안녕, 나는 너를 좋아해",2,(knj0****),나여니닝,"아?? 그냥 로맨슨줄 알고 왔는데GL, BL은 따로 장르 적어주세요 ㅠㅠ 뭔진 알고 봐야죠",2일 전,0,0
123,"안녕, 나는 너를 좋아해",2,(pado****),Gmm,그래서 누가 여자고 누가 남자지?....ㅋㅋㅋㅋㅋㅋ,2일 전,0,0
124,"안녕, 나는 너를 좋아해",2,(kwak****),공자사항,지엘이고 비엘이고 욕할 마음은 없는데 장르는 좀 알 수 있게 해주면 좋겠다...,2일 전,0,0
125,"안녕, 나는 너를 좋아해",2,(baby****),민지혜,음..나쁘진 않아요 하지만 저는 별루 인거같아욤.,2일 전,0,0
126,"안녕, 나는 너를 좋아해",2,(love****),sy,와 사랑해요비엘 지엘 네이버에 잘 없는데ㅠㅠ,2일 전,0,0
127,"안녕, 나는 너를 좋아해",2,(nann****),지훈,OOO ㅋㅋㅋ제발 bl은 썸네일에 써두라고 ㅋㅋㅋ 찾는사람들만 보게하지 역겹게진짜,2일 전,0,0
128,"안녕, 나는 너를 좋아해",2,(pete****),푸흐파,2화까지 잘 봤습니다 이제 거를게요,2일 전,0,0
129,"안녕, 나는 너를 좋아해",2,(kgwb****),루이닐,짝?,2일 전,0,0
130,"안녕, 나는 너를 좋아해",2,(mun6****),mun,왉 이거 비엘에 지엘이여?!!?!?,2일 전,0,0
131,"안녕, 나는 너를 좋아해",2,(kyse****),윤서,와 비엘 지엘? 미쳤다 관심 누르고 시작할게요~,2일 전,0,0
132,"안녕, 나는 너를 좋아해",2,(juye****),Juyeon,gl에 bl이라고? bl은 알겠는데 gl은?,2020-08-16 23:31,0,0
133,"안녕, 나는 너를 좋아해",2,(summ****),박성하,"좋네.....그림체, 분위기 다 취저 였는데...쥐엘 비엘....이런 자까님★내 취향을 탐색하셨나",2020-08-16 23:31,0,0
134,"안녕, 나는 너를 좋아해",2,(sita****),율무,1화 보고 아 학원물이구나^^ 2화 본 현소감:ㅇㅂㅇ???????!,2020-08-16 23:31,0,0
135,"안녕, 나는 너를 좋아해",2,(whth****),ㅇㅇㅇ,훠레이~!~!~~!~!!,2020-08-16 23:31,0,0
136,"안녕, 나는 너를 좋아해",2,(he68****),gml,이거 재밋어요ㅠ 꼭 보세요 진자루!!!!,2020-08-16 23:31,0,0
137,"안녕, 나는 너를 좋아해",2,(kseo****),kse,댓글 2020맞음????,2020-08-16 23:31,0,0
138,"안녕, 나는 너를 좋아해",2,(wlgu****),닻볕,재밌어요^^,2020-08-16 23:31,0,0
139,"안녕, 나는 너를 좋아해",2,(hime****),햇반,선호 여자였어?,2020-08-16 23:31,0,0
140,"안녕, 나는 너를 좋아해",2,(sumi****),흐이휴우,혹시? 했는데 그렇군뭔가 잔잔한 분위기 좋다,2020-08-16 23:31,0,0
141,"안녕, 나는 너를 좋아해",2,(seoe****),이거위,조용히 거르삼^^,2020-08-16 23:31,0,0
142,"안녕, 나는 너를 좋아해",2,(syn0****),신예인,이거 bl이에요??,2020-08-16 23:31,0,0
143,"안녕, 나는 너를 좋아해",2,(qazp****),일일구팔,헐저심장이 막 뛰고요 손이 떨려요 대박,2020-08-16 23:31,0,0
144,"안녕, 나는 너를 좋아해",2,(slmo****),령,이거 지엘맞아요 비엘이랑 갓작이니까 후회하기전에 봐주세요ㅠㅠㅠ,2020-08-16 23:31,0,0
145,"안녕, 나는 너를 좋아해",2,(ehdu****),네모네모,바로 걸럿다,2020-08-16 23:31,0,0
146,"안녕, 나는 너를 좋아해",2,(apap****),지호,일단 너무 잼있습니다 작가님 파이팅!!,2020-08-16 23:31,0,0
147,"안녕, 나는 너를 좋아해",2,(lsra****),랑자랑,아니진짜너무재밌지않나여그림체도지짜완벽하고근데완결웹툰에있어ㅓㅅ내가왜이걸못보고있엇지막후회하는데얼마전에나온건가여댓글이읎네하...백만웹툰되기전에미리발자국을찍습니다너무너무재밋어요미쳣아야,2020-07-30 10:42,57,2
148,"안녕, 나는 너를 좋아해",2,(moon****),녹차,gl이였으면 좋겠당ㅇㅅㅇ,2020-07-30 10:42,57,2
149,"안녕, 나는 너를 좋아해",2,(nowh****),위,그림체 제가 너무 좋아하는 따스한 느낌이예요. 어떻게 스토리가 풀려나갈지 기대되는 작품이네요:-),2020-07-30 10:42,57,2
150,"안녕, 나는 너를 좋아해",2,(daeu****),김다은,힉!! 갑자기 맞았어!!😬😬😬,2020-07-30 10:42,57,2
151,"안녕, 나는 너를 좋아해",2,(jelg****),jel,뭐야 BL이야? 근데 저건 또 뭐람 ㅇㅅㅇ,2020-07-30 10:42,57,2
152,"안녕, 나는 너를 좋아해",1,(ds02****),우짤,이성물인가요 동성물인가요...,2일 전,0,0
153,"안녕, 나는 너를 좋아해",1,(jenn****),박채록,작가님 너무너무 좋아합니다 다 본 작품이지만 또 잘볼게요!!!,2일 전,0,0
154,"안녕, 나는 너를 좋아해",1,(happ****),미음,헐 주인공 완전 나랑 똑같다,2일 전,0,0
155,"안녕, 나는 너를 좋아해",1,(9810****),파닭,벌써재밌다,2일 전,0,0
156,"안녕, 나는 너를 좋아해",1,(ksj0****),헥사큐브,팩트: 작품 욕하는 댓글 딱 3개밖에 없었음.,2일 전,0,0
157,"안녕, 나는 너를 좋아해",1,(yany****),션,안나조 정말 명작이에요 다들 꼭 보시길,2일 전,0,0
158,"안녕, 나는 너를 좋아해",1,(juho****),주포도,욕 다 내렸나 보내 어떤 자식들인지 보려고 했는데...이 작품 재밌습니다. 잔잔한 로맨스 힐링물 좋아하시는 분들은 재밌게 볼 수 있으리라 생각합니다 즐거운 감상되세요:),2일 전,0,0
159,"안녕, 나는 너를 좋아해",1,(brig****),,두잘잘 작가님!,2일 전,0,0
160,"안녕, 나는 너를 좋아해",1,(yong****),월향미,gl bl이라길래 거부감부터 가졌는데 막상 보니 몽글몽글한 시 한편을 보는 듯한 따뜻한 작품.,2일 전,0,0
161,"안녕, 나는 너를 좋아해",1,(ksyl****),이,딱 나네..?,2일 전,0,0
162,"안녕, 나는 너를 좋아해",1,(shan****),sha,맨날 베도베도 아오 지겹네 진짜... 베도에 좋은 작품들 많지 많은데 정식연재보단 퀄 떨어지잖아 그렇게 좋으면 그거 보던가 왜 여기서 작가님 상처주고 지랄들임? 그렇게 보고싶으면 니들이 네이버에다가 뭐라 하던가 그럴 용기도 없으면서 맨날 댓글들에 불평불만 존나많네,2일 전,0,0
163,"안녕, 나는 너를 좋아해",1,(jojo****),수아,헉 이거 재밌는데 여기 떴네ㅜㅜㅜㅠㅠ♥♥♥,2일 전,0,0
164,"안녕, 나는 너를 좋아해",1,(db_8****),대감,너는 5개월 남았구나 좋겠다 나는 2개월 남았어...,2일 전,0,0
165,"안녕, 나는 너를 좋아해",1,(gung****),익명,헐 노트로.. 그림 그리는 사람으로써 용납 안될세..,2일 전,0,0
166,"안녕, 나는 너를 좋아해",1,(lodi****),이,뭐야???이런분위기넘좋,2일 전,0,0
167,"안녕, 나는 너를 좋아해",1,(shar****),공유,태림아 넌 특별한 사람이야 ㅠㅠㅠㅠ,2020-09-19 15:23,1,0
168,"안녕, 나는 너를 좋아해",1,(gong****),이민서,다 내 이야기같아서 공감된다,2020-09-19 15:23,1,0
169,"안녕, 나는 너를 좋아해",1,(jung****),돌돌이,정수빈< 인성보소.. 그러니까 니 주위에 친구가 없지,2020-09-19 15:23,1,0
170,"안녕, 나는 너를 좋아해",1,(yuna****),yoon,주인공 여자지?욕하는게 아니라 머리는 짧은데 치마 입어서 헷갈렸음,2020-09-19 15:23,1,0
171,"안녕, 나는 너를 좋아해",1,(damb****),dam,헐 분위기 너무 좋음ㅜㅜ,2020-09-19 15:23,1,0
172,"안녕, 나는 너를 좋아해",1,(ekfh****),이지,편안하다,2020-09-19 15:23,1,0
173,"안녕, 나는 너를 좋아해",1,(munb****),mun,여주 왠지 infp일듯,2020-09-19 15:23,1,0
174,"안녕, 나는 너를 좋아해",1,(apfm****),dd,썸넬이랑 옆모습은 못그리는데 정면은 괜찮네,2020-09-19 15:23,1,0
175,"안녕, 나는 너를 좋아해",1,(happ****),준희,헐 미친 왜 이걸 못보고잇엇지ㅠㅠㅜㅜㅠ학생이라 쿠키못사는디ㅜㅜㅠㅡㅜ,2020-09-19 15:23,1,0
176,"안녕, 나는 너를 좋아해",1,(kgwb****),루이닐,정주행~,2020-09-19 15:23,1,0
177,"안녕, 나는 너를 좋아해",1,(drea****),Trofish,잼따각,2020-09-19 15:23,1,0
178,"안녕, 나는 너를 좋아해",1,(gjm1****),물망초,이거 동성애툰임?,2020-09-19 15:23,1,0
179,"안녕, 나는 너를 좋아해",1,(1023****),여설,여름이었다,2020-09-19 15:23,1,0
180,"안녕, 나는 너를 좋아해",1,(lina****),박초은,완전 내 취향 웹툰 찾았다,2020-09-19 15:23,1,0
181,"안녕, 나는 너를 좋아해",1,(summ****),박성하,개꿀잼같은데....? 스토리는 아직 모르겠지만 일단 그림체부터 취저임,2020-09-19 15:23,1,0
182,"안녕, 나는 너를 좋아해",1,(dlgk****),이하영,연필 나오는 데 완전 반함,2020-08-14 00:26,1,1
183,"안녕, 나는 너를 좋아해",1,(kng1****),kng,그림체 이쁘다,2020-08-14 00:26,1,1
184,"안녕, 나는 너를 좋아해",1,(hpan****),빵,주인공이랑 닮은 부분이 많아서 무척 재밌게 본 작품이에요~ 잔잔한 힐링 성장물? 느낌,2020-08-14 00:26,1,1
185,"안녕, 나는 너를 좋아해",1,(sita****),율무,느낌 괜찮은데?,2020-08-14 00:26,1,1
186,"안녕, 나는 너를 좋아해",1,(chlo****),홍시의홍시,시리즈 거라서 다른 플랫폼에서 가져온거도 많음 베도보다 훨 나아ㅋㅋㅋ 이거 시리즈에선 반응 안 이랬는데.. 어휴,2020-08-14 00:26,1,1
187,"안녕, 나는 너를 좋아해",1,(bmj9****),김만이,"아직 1환데 주인공 독백 뭔가 공감돼서 마음이 그렇다,,,,, 재밌겠다",2020-08-14 00:26,1,1
188,"안녕, 나는 너를 좋아해",1,(yang****),정수빈,배댓 니도 말 똑바로 해 ㅋㅋㅋㅋ,2020-08-14 00:26,1,1
189,"안녕, 나는 너를 좋아해",1,(mini****),스노우볼,안 갈 거 같댔는데가 맞는 표현인가...?안 갈거 같았는데 아닌가...??? 다른애가 말해준거면 같댔는데가 맞긴한데.. 흠,2020-08-14 00:26,1,1
190,"안녕, 나는 너를 좋아해",1,(lecy****),크랜베리칩,시리즈에서 연재된 작품인데 이것도 데려왔네요!!! 고등학생→대학생으로 성장해 가는 네 아이들을 따뜻하고 섬세한 시선으로 그린 명작입니다. 주인공은 태림이(1화에서 나레이션 나온 까만머리 여자아이)지만 여2 남2 넷 다 주연이에요. 시리즈에 연재돼서 잘 알려지지 않았던 만화들을 기무웹에 많이 데려오는 것 같네요.,2020-08-14 00:26,1,1
191,"안녕, 나는 너를 좋아해",1,(2008****),강은지,주인공 여자인것 같아요,2020-08-14 00:26,1,1
192,"안녕, 나는 너를 좋아해",1,(sjto****),sjt,음 잠시만 왜 배댓들이 다 2020년도냐...?,2020-08-14 00:26,1,1
193,"안녕, 나는 너를 좋아해",1,(gara****),하투하투재앰,헉 여기서 또 뵙네요ㅠㅠㅠㅠ 작가님 항상 잘 보고있습니다ㅠㅠㅠ💕💕💕❤,2020-08-14 00:26,1,1
194,"안녕, 나는 너를 좋아해",1,(fall****),뻐러러,하...너무 좋다.. ㅠㅠㅠㅠ,2020-08-14 00:26,1,1
195,"안녕, 나는 너를 좋아해",1,(happ****),2205 김시아,저 아무나 성별 좀 알려주세요! 성별 구분이 안가욥..,2020-08-14 00:26,1,1
196,"안녕, 나는 너를 좋아해",1,(slmo****),령,헐 미쳤나봐 나 이작품 너무좋아하는데 감사합니다..감사합니다 그랜절올리겠습니다 복받으십쇼... gl채고다,2020-08-14 00:26,1,1
197,"안녕, 나는 너를 좋아해",1,(sonl****),이유경,헉 너무 좋아했었는데 ㅠㅠㅠㅠ,2020-07-30 17:40,21,2
198,"안녕, 나는 너를 좋아해",1,(iamg****),지읒,와와 안나조 제 인생작인데 네웹에 들어와서 너무 좋아요😭 더 넓은 독자층을 만날 수 있어서 제가 다 좋네요!!,2020-07-30 17:40,21,2
199,"안녕, 나는 너를 좋아해",1,(dlrk****),잉옹,이거 진짜 재밋어요...ㅠㅠㅠ!!! 두 번 보세요 백 번 보세요!!!!!,2020-07-30 17:40,21,2
200,"안녕, 나는 너를 좋아해",1,(ohde****),SILVER,미쳤다 얘들아이거진짜재밌어꼭봐부탁이야,2020-07-30 17:40,21,2
201,"안녕, 나는 너를 좋아해",1,(rudd****),구경애,아 제발 ㅋㅋㅋㅋㅋㅋ 이런거 하루만에 완결된거는 제발 따로 냅두면 좋겠어요 업뎃 빨리 시급해요,2020-07-30 17:40,21,2
202,"안녕, 나는 너를 좋아해",1,(chzh****),허이잉잔디,안나조는 시리즈에서 독점으로 네이버와 계약해서 연재했었고 완결나서 뜬 거랍니다! 다들 싸우지 말자.. 그리고 이 웹툰 정말 공감가는 부분도 많고 잔잔하고 여운이 가니까 꼭 보세요.,2020-07-30 17:40,21,2
203,"안녕, 나는 너를 좋아해",1,(dong****),허동범,잔잔하게 좋네요!,2020-07-30 17:40,21,2
204,"안녕, 나는 너를 좋아해",1,(seos****),서,감성... 너무좋아용!!!,2020-07-30 17:40,21,2
205,"안녕, 나는 너를 좋아해",1,(ghki****),김가현,오 재밌겠당 정주행 시작,2020-07-30 17:40,21,2
206,"안녕, 나는 너를 좋아해",1,(cjwc****),김,헐 이게 여기에!!! 이거진짜좋아하는작품임 님들아 제발봐줘 명작이야... 작가님 다른 작품 연재중이신데 그것도 봐주삼...,2020-07-30 17:40,21,2
207,"안녕, 나는 너를 좋아해",1,(doal****),고양이 좋아,잔잔한거 너무 좋습니다 요즘은 자극적인거 안 좋아하는데 좋네요 ㅎㅎ,2020-07-30 17:40,21,2
208,"안녕, 나는 너를 좋아해",1,(chlw****),디지디가지,뭔지는 모르겠지만 재밌는뎅,2020-07-30 17:40,21,2
209,"안녕, 나는 너를 좋아해",1,(hong****),홍시,괜찮은데? 잘보고 갑니다,2020-07-30 17:40,21,2
210,"안녕, 나는 너를 좋아해",1,(daeu****),김다은,재미없다고 생각되면 그냥 안 보시는게 좋을 것 같네요!! 그림체도 괜찮고 주제도 괜찮은 웹툰이네욥!!😆😆😆,2020-07-30 17:40,21,2
211,"안녕, 나는 너를 좋아해",1,(nohy****),10N,아가ㄹ1 곱게도 놀린다 이딴거라뇨ㅋㅋㅋㅋ남의 작품에 그리 쉽게 왈가왈부 하지마쇼 니가 했던 말 다 너한테 돌아간다 입으로 뱉은 화살 다 니가 쳐맞기 싫으면 주댕이 간수 잘해,2020-07-30 17:40,21,2
212,"안녕, 나는 너를 좋아해",1,(mcsk****),달도사,뭐야 돼 다들 이 서비스 싫어해?그럼 오질 말든지 나는 오히려 쿠키도 안 쓸수 있어서 좋은데 짜피 들어오는거 안들어오는거 사람 맘이니까 정그럼 오질 말든가 굳이 고생해서 작가님들이 만든 작품한테 뭐라하는거 진짜 별로다...,2020-07-29 01:15,324,13
213,"안녕, 나는 너를 좋아해",1,(jer9****),믐믐,이거 잔잔하게 진짜 재밌음 보지도 않았으면서 왜 욕부터 하는 거ㅋㅋ...?,2020-07-29 01:15,324,13
214,"안녕, 나는 너를 좋아해",1,(peul****),웅양융,네이버 시리즈에 있던 작품 가져온 건뎅... 이거 재밌어요~~,2020-07-29 01:15,324,13
215,"안녕, 나는 너를 좋아해",1,(gioh****),gio,귀여운데 왜들 그래...?,2020-07-29 01:15,324,13
216,"안녕, 나는 너를 좋아해",1,(kimj****),김진욱,잼없따,2020-07-29 01:15,324,13
217,"안녕, 나는 너를 좋아해",1,(park****),연,잼따,2020-07-29 01:15,324,13
218,"안녕, 나는 너를 좋아해",1,(kjh4****),지효,님들아..님들이 이런거 해봐요 힘들게 심사해서 들어 온거 같은데 이딴거?적당히? 아니ㅋㅋㅋㅋㅋㅋ 작가님 생각해선 말 안해주나 역지사지 모르냐고요,2020-07-29 01:15,324,13
219,"안녕, 나는 너를 좋아해",1,(wooj****),woo,난 여성 인기순 마지막에 있는거 왔는데,2020-07-29 01:15,324,13
220,"안녕, 나는 너를 좋아해",1,(dci0****),dafsdf1234,퀄도 웬만한 베도보다 좋구만 이렇게 들어오는 웹툰들이 그냥 들어온 것도 아니고 네이버 내에서도 심사해서 들여온걸텐데 그냥 좀 보면 안됨?,2020-07-29 01:15,324,13
221,"안녕, 나는 너를 좋아해",1,(dci0****),dafsdf1234,재밌을거같은데 왜 다 욕밖에 없음;,2020-07-29 01:15,324,13
222,"안녕, 나는 너를 좋아해",1,(shse****),shs,적당히 하라고,2020-07-29 01:15,324,13
223,"안녕, 나는 너를 좋아해",1,(gamo****),임현서,아니 진짜 네이버 뭐하냐.....이딴거 쳐올릴 시간에 베도에있는 띵작을 뽑으라고,2020-07-29 01:15,324,13
224,"안녕, 나는 너를 좋아해",1,(yang****),yan,노랑머리가 남주인가,2020-07-29 01:15,324,13
225,"안녕, 나는 너를 좋아해",1,(jelg****),jel,뭐지 뭔가 재밌을꺼 같ㅇ,2020-07-29 01:15,324,13
226,"안녕, 나는 너를 좋아해",1,(dogy****),도경,헐 느낌 너무 좋다 ...,2020-07-29 01:15,324,13
227,"안녕, 나는 너를 좋아해",1,(minj****),미나,시리즈건가,2020-07-28 17:52,4,2
228,"안녕, 나는 너를 좋아해",1,(dudg****),허니,뭐지 10.0,2020-07-28 17:52,4,2
229,"안녕, 나는 너를 좋아해",1,(carr****),나,오,2020-07-28 17:52,4,2
230,"안녕, 나는 너를 좋아해",1,(wooj****),지인,???,2020-07-28 17:52,4,2
231,"안녕, 나는 너를 좋아해",1,(arti****),전수만,??,2020-07-28 17:52,4,2
232,"안녕, 나는 너를 좋아해",1,(dami****),이다민,?,2020-07-28 17:52,4,2
